rank,price_usd,percent_change_24h,percent_change_7d,price_btc,date,id
1,123856.99,-0.91,12.46,1.00,2025-10-06T06:36:19.455475,90
2,4561.13,-0.12,12.96,0.036832,2025-10-06T06:36:19.455475,80
3,2.99,-1.55,6.02,0.000024,2025-10-06T06:36:19.455475,58
4,1.00,0.01,-0.11,0.000008,2025-10-06T06:36:19.455475,518
5,1214.80,3.52,24.12,0.009810,2025-10-06T06:36:19.455475,2710
6,233.93,-0.68,13.88,0.001889,2025-10-06T06:36:19.455475,48543
7,0.999592,0.01,0.00,0.000008,2025-10-06T06:36:19.455475,33285
8,4553.94,-0.17,12.80,0.036774,2025-10-06T06:36:19.455475,46971
9,0.256700,-1.88,11.14,0.000002,2025-10-06T06:36:19.455475,2
10,0.498535,4.24,52.29,0.000004,2025-10-06T06:36:19.455475,147945
11,0.342996,0.24,2.52,0.000003,2025-10-06T06:36:19.455475,2713
12,0.846123,-3.00,7.40,0.000007,2025-10-06T06:36:19.455475,257
13,5541.60,-0.11,15.17,0.044750,2025-10-06T06:36:19.455475,65945
14,48.77,-3.59,7.12,0.000394,2025-10-06T06:36:19.455475,148109
15,4922.18,-0.05,13.05,0.039748,2025-10-06T06:36:19.455475,96901
16,123787.85,-0.89,12.23,0.999611,2025-10-06T06:36:19.455475,33422
17,4530.57,-0.88,12.14,0.036585,2025-10-06T06:36:19.455475,32610
18,22.02,-2.56,4.27,0.000178,2025-10-06T06:36:19.455475,2751
19,0.999832,-0.01,-0.09,0.000008,2025-10-06T06:36:19.455475,158405
20,0.404078,0.17,11.54,0.000003,2025-10-06T06:36:19.455475,89
21,3.59,-1.75,12.56,0.000029,2025-10-06T06:36:19.455475,93845
22,30.21,-1.88,4.49,0.000244,2025-10-06T06:36:19.455475,44883
23,599.77,-0.18,9.21,0.004843,2025-10-06T06:36:19.455475,2321
24,0.219561,-1.31,3.05,0.000002,2025-10-06T06:36:19.455475,48555
25,120.65,-0.63,14.92,0.000974,2025-10-06T06:36:19.455475,1
26,0.000013,-0.71,6.50,1.02E-10,2025-10-06T06:36:19.455475,45088
27,2.83,-0.27,4.92,0.000023,2025-10-06T06:36:19.455475,54683
28,2.14,6.97,21.34,0.000017,2025-10-06T06:36:19.455475,121595
29,4.18,-2.50,7.71,0.000034,2025-10-06T06:36:19.455475,45219
30,319.59,-3.10,12.78,0.002581,2025-10-06T06:36:19.455475,28
31,0.999527,-0.02,0.01,0.000008,2025-10-06T06:36:19.455475,32417
32,8.22,-0.59,8.63,0.000066,2025-10-06T06:36:19.455475,47305
33,226.13,-0.86,18.58,0.001826,2025-10-06T06:36:19.455475,33531
34,289.76,-0.22,8.24,0.002340,2025-10-06T06:36:19.455475,46018
35,0.000010,-1.46,6.89,7.98E-11,2025-10-06T06:36:19.455475,93841
36,0.573187,-7.19,-1.90,0.000005,2025-10-06T06:36:19.455475,126763
37,5.66,2.67,9.97,0.000046,2025-10-06T06:36:19.455475,67117
38,5.37,-0.30,29.23,0.000043,2025-10-06T06:36:19.455475,111341
39,2.96,-4.51,9.28,0.000024,2025-10-06T06:36:19.455475,48563
40,6.71,-0.11,-3.97,0.000054,2025-10-06T06:36:19.455475,44863
41,318.19,-2.00,6.62,0.002569,2025-10-06T06:36:19.455475,121619
42,19.66,-1.20,8.21,0.000159,2025-10-06T06:36:19.455475,118
43,9.52,-0.10,6.92,0.000077,2025-10-06T06:36:19.455475,150883
44,251.70,-0.75,13.89,0.002033,2025-10-06T06:36:19.455475,144321
45,0.923490,-2.63,4.30,0.000007,2025-10-06T06:36:19.455475,121611
46,1.26,-2.75,-1.17,0.000010,2025-10-06T06:36:19.455475,99329
47,157.72,-2.60,168.11,0.001274,2025-10-06T06:36:19.455475,134
48,4.55,-1.12,7.92,0.000037,2025-10-06T06:36:19.455475,47311
49,0.440467,-1.35,4.52,0.000004,2025-10-06T06:36:19.455475,93847
50,0.261298,-0.41,-2.80,0.000002,2025-10-06T06:36:19.455475,151099
51,0.076371,-1.90,0.17,6.17E-7,2025-10-06T06:36:19.455475,70485
52,0.022978,-2.46,5.79,1.86E-7,2025-10-06T06:36:19.455475,2741
53,0.031283,-3.83,10.94,2.53E-7,2025-10-06T06:36:19.455475,151101
54,4.18,-0.98,1.91,0.000034,2025-10-06T06:36:19.455475,33830
55,0.208653,-0.92,10.91,0.000002,2025-10-06T06:36:19.455475,33819
56,0.219608,-3.33,7.64,0.000002,2025-10-06T06:36:19.455475,34406
57,3.54,-1.54,4.49,0.000029,2025-10-06T06:36:19.455475,135601
58,0.024290,-0.95,-4.46,1.96E-7,2025-10-06T06:36:19.455475,84965
59,0.292552,-2.48,4.99,0.000002,2025-10-06T06:36:19.455475,100427
60,0.999750,0.00,0.04,0.000008,2025-10-06T06:36:19.455475,164809
61,2.35,-0.70,8.52,0.000019,2025-10-06T06:36:19.455475,32607
62,7.81,-0.70,3.15,0.000063,2025-10-06T06:36:19.455475,148111
63,0.000020,-3.45,4.34,1.61E-10,2025-10-06T06:36:19.455475,82537
64,1183.30,1.70,22.48,0.009555,2025-10-06T06:36:19.455475,46722
65,0.580495,-4.10,1.52,0.000005,2025-10-06T06:36:19.455475,33718
66,1.61,0.84,63.94,0.000013,2025-10-06T06:36:19.455475,136127
67,1658.76,-1.82,2.82,0.013395,2025-10-06T06:36:19.455475,12377
68,3930.02,0.99,4.50,0.031736,2025-10-06T06:36:19.455475,42855
69,0.754666,-2.12,-0.80,0.000006,2025-10-06T06:36:19.455475,121593
70,16.09,0.58,6.62,0.000130,2025-10-06T06:36:19.455475,2750
71,0.999512,0.02,0.05,0.000008,2025-10-06T06:36:19.455475,111357
72,0.737043,-0.92,10.12,0.000006,2025-10-06T06:36:19.455475,70497
73,13.01,0.50,10.13,0.000105,2025-10-06T06:36:19.455475,46183
74,103.23,-1.62,3.52,0.000834,2025-10-06T06:36:19.455475,33085
75,3.57,1.97,38.71,0.000029,2025-10-06T06:36:19.455475,45985
76,1.49,-3.23,5.60,0.000012,2025-10-06T06:36:19.455475,136105
77,0.997879,-0.03,0.00,0.000008,2025-10-06T06:36:19.455475,100423
78,3934.83,1.07,4.26,0.031775,2025-10-06T06:36:19.455475,42227
79,0.608497,-1.60,5.85,0.000005,2025-10-06T06:36:19.455475,48569
80,0.784967,-2.23,17.02,0.000006,2025-10-06T06:36:19.455475,48581
81,1.18,-3.76,7.99,0.000010,2025-10-06T06:36:19.455475,46981
82,0.278731,-1.43,13.75,0.000002,2025-10-06T06:36:19.455475,148191
83,1.16,-2.79,10.74,0.000009,2025-10-06T06:36:19.455475,122319
84,0.859500,-2.30,9.62,0.000007,2025-10-06T06:36:19.455475,65895
85,0.000102,-3.36,24.82,8.21E-10,2025-10-06T06:36:19.455475,51947
86,0.162061,0.83,9.28,0.000001,2025-10-06T06:36:19.455475,111347
87,1.81,-3.69,14.34,0.000015,2025-10-06T06:36:19.455475,126771
88,0.149795,-1.47,-1.92,0.000001,2025-10-06T06:36:19.455475,141199
89,0.074182,-1.15,2.54,5.99E-7,2025-10-06T06:36:19.455475,32408
90,0.084079,-2.54,4.22,6.79E-7,2025-10-06T06:36:19.455475,48561
91,0.298336,-55.75,-24.23,0.000002,2025-10-06T06:36:19.455475,33644
92,1.91,-0.62,-12.84,0.000015,2025-10-06T06:36:19.455475,121623
93,1.27,-0.31,3.20,0.000010,2025-10-06T06:36:19.455475,32604
94,4.76,-2.34,1.62,0.000038,2025-10-06T06:36:19.455475,48839
95,0.366115,-1.31,-4.62,0.000003,2025-10-06T06:36:19.455475,33536
96,21.41,-1.66,7.46,0.000173,2025-10-06T06:36:19.455475,56821
97,2.92,-2.33,10.86,0.000024,2025-10-06T06:36:19.455475,47371
98,0.769892,-1.87,5.47,0.000006,2025-10-06T06:36:19.455475,121613
99,0.189789,-1.12,17.05,0.000002,2025-10-06T06:36:19.455475,447
100,0.713698,-1.17,6.92,0.000006,2025-10-06T06:36:19.455475,3682
1,123990.62,-0.75,12.54,1.00,2025-10-06T06:41:07.322076,90
2,4569.00,0.13,13.11,0.036857,2025-10-06T06:41:07.322076,80
3,3.00,-1.24,6.14,0.000024,2025-10-06T06:41:07.322076,58
4,1.00,0.01,-0.20,0.000008,2025-10-06T06:41:07.322076,518
5,1213.49,3.41,23.99,0.009789,2025-10-06T06:41:07.322076,2710
6,234.41,-0.42,14.01,0.001891,2025-10-06T06:41:07.322076,48543
7,0.999672,0.01,0.00,0.000008,2025-10-06T06:41:07.322076,33285
8,4563.43,0.12,13.01,0.036812,2025-10-06T06:41:07.322076,46971
9,0.257694,-1.36,11.51,0.000002,2025-10-06T06:41:07.322076,2
10,0.500676,4.77,53.46,0.000004,2025-10-06T06:41:07.322076,147945
11,0.343172,0.40,2.62,0.000003,2025-10-06T06:41:07.322076,2713
12,0.848196,-2.58,7.54,0.000007,2025-10-06T06:41:07.322076,257
13,5550.94,0.06,15.32,0.044778,2025-10-06T06:41:07.322076,65945
14,48.88,-3.18,7.32,0.000394,2025-10-06T06:41:07.322076,148109
15,4930.20,0.20,13.19,0.039770,2025-10-06T06:41:07.322076,96901
16,123924.18,-0.74,12.34,0.999660,2025-10-06T06:41:07.322076,33422
17,4530.57,-0.67,12.14,0.036547,2025-10-06T06:41:07.322076,32610
18,22.11,-2.14,4.66,0.000178,2025-10-06T06:41:07.322076,2751
19,0.999836,-0.01,-0.09,0.000008,2025-10-06T06:41:07.322076,158405
20,0.404998,0.50,11.74,0.000003,2025-10-06T06:41:07.322076,89
21,3.61,-1.00,13.12,0.000029,2025-10-06T06:41:07.322076,93845
22,30.36,-1.29,4.94,0.000245,2025-10-06T06:41:07.322076,44883
23,600.94,0.09,9.37,0.004848,2025-10-06T06:41:07.322076,2321
24,0.219945,-0.98,3.16,0.000002,2025-10-06T06:41:07.322076,48555
25,120.74,-0.30,14.96,0.000974,2025-10-06T06:41:07.322076,1
26,0.000013,-0.35,6.71,1.02E-10,2025-10-06T06:41:07.322076,45088
27,2.83,-0.22,5.02,0.000023,2025-10-06T06:41:07.322076,54683
28,2.14,6.89,21.10,0.000017,2025-10-06T06:41:07.322076,121595
29,4.19,-2.28,7.74,0.000034,2025-10-06T06:41:07.322076,45219
30,319.80,-2.74,12.73,0.002580,2025-10-06T06:41:07.322076,28
31,0.999542,-0.01,0.01,0.000008,2025-10-06T06:41:07.322076,32417
32,8.26,-0.02,9.03,0.000067,2025-10-06T06:41:07.322076,47305
33,226.56,-0.56,18.78,0.001828,2025-10-06T06:41:07.322076,33531
34,290.12,-0.22,8.36,0.002340,2025-10-06T06:41:07.322076,46018
35,0.000010,-1.19,6.93,7.98E-11,2025-10-06T06:41:07.322076,93841
36,0.574746,-6.88,-1.83,0.000005,2025-10-06T06:41:07.322076,126763
37,5.67,3.07,10.14,0.000046,2025-10-06T06:41:07.322076,67117
38,5.38,-0.15,29.43,0.000043,2025-10-06T06:41:07.322076,111341
39,2.97,-4.04,9.46,0.000024,2025-10-06T06:41:07.322076,48563
40,6.71,-0.11,-3.96,0.000054,2025-10-06T06:41:07.322076,44863
41,318.57,-1.70,6.69,0.002570,2025-10-06T06:41:07.322076,121619
42,19.72,-0.99,8.48,0.000159,2025-10-06T06:41:07.322076,118
43,252.20,-0.47,14.01,0.002034,2025-10-06T06:41:07.322076,144321
44,9.52,-0.54,6.75,0.000077,2025-10-06T06:41:07.322076,150883
45,0.926800,-2.20,4.58,0.000007,2025-10-06T06:41:07.322076,121611
46,1.27,-2.56,-1.11,0.000010,2025-10-06T06:41:07.322076,99329
47,158.19,-2.42,169.55,0.001276,2025-10-06T06:41:07.322076,134
48,4.55,-1.07,7.97,0.000037,2025-10-06T06:41:07.322076,47311
49,0.440817,-1.12,4.49,0.000004,2025-10-06T06:41:07.322076,93847
50,0.261527,-0.35,-2.72,0.000002,2025-10-06T06:41:07.322076,151099
51,0.076452,-1.73,0.25,6.17E-7,2025-10-06T06:41:07.322076,70485
52,0.023017,-2.16,5.93,1.86E-7,2025-10-06T06:41:07.322076,2741
53,0.031355,-3.28,10.96,2.53E-7,2025-10-06T06:41:07.322076,151101
54,4.18,-0.85,1.93,0.000034,2025-10-06T06:41:07.322076,33830
55,0.209166,-0.52,11.18,0.000002,2025-10-06T06:41:07.322076,33819
56,0.220001,-3.07,7.78,0.000002,2025-10-06T06:41:07.322076,34406
57,3.54,-1.17,4.54,0.000029,2025-10-06T06:41:07.322076,135601
58,0.024295,-0.74,-4.56,1.96E-7,2025-10-06T06:41:07.322076,84965
59,0.293146,-2.04,5.12,0.000002,2025-10-06T06:41:07.322076,100427
60,0.999500,-0.03,0.01,0.000008,2025-10-06T06:41:07.322076,164809
61,2.36,-0.54,8.57,0.000019,2025-10-06T06:41:07.322076,32607
62,7.82,-0.58,3.22,0.000063,2025-10-06T06:41:07.322076,148111
63,0.000020,-3.08,4.52,1.61E-10,2025-10-06T06:41:07.322076,82537
64,1188.19,2.12,22.99,0.009585,2025-10-06T06:41:07.322076,46722
65,0.580774,-3.95,1.46,0.000005,2025-10-06T06:41:07.322076,33718
66,1.62,0.90,64.27,0.000013,2025-10-06T06:41:07.322076,136127
67,1660.22,-1.63,-1.66,0.013393,2025-10-06T06:41:07.322076,12377
68,3928.05,0.93,4.46,0.031686,2025-10-06T06:41:07.322076,42855
69,0.755028,-2.05,-0.86,0.000006,2025-10-06T06:41:07.322076,121593
70,16.08,0.45,6.55,0.000130,2025-10-06T06:41:07.322076,2750
71,0.999430,0.01,0.03,0.000008,2025-10-06T06:41:07.322076,111357
72,0.736976,-0.85,9.98,0.000006,2025-10-06T06:41:07.322076,70497
73,13.07,0.96,10.54,0.000105,2025-10-06T06:41:07.322076,46183
74,103.37,-1.62,3.59,0.000834,2025-10-06T06:41:07.322076,33085
75,3.56,1.16,38.34,0.000029,2025-10-06T06:41:07.322076,45985
76,1.49,-2.87,5.80,0.000012,2025-10-06T06:41:07.322076,136105
77,0.998009,-0.01,0.02,0.000008,2025-10-06T06:41:07.322076,100423
78,3932.69,0.99,4.20,0.031724,2025-10-06T06:41:07.322076,42227
79,0.608871,-1.46,5.88,0.000005,2025-10-06T06:41:07.322076,48569
80,0.785216,-1.71,16.95,0.000006,2025-10-06T06:41:07.322076,48581
81,0.279419,-1.33,14.19,0.000002,2025-10-06T06:41:07.322076,148191
82,1.18,-3.55,8.03,0.000010,2025-10-06T06:41:07.322076,46981
83,1.16,-2.26,10.54,0.000009,2025-10-06T06:41:07.322076,122319
84,0.865100,-1.67,11.35,0.000007,2025-10-06T06:41:07.322076,65895
85,0.000101,-3.27,24.56,8.18E-10,2025-10-06T06:41:07.322076,51947
86,0.162307,1.00,9.38,0.000001,2025-10-06T06:41:07.322076,111347
87,1.82,-2.80,14.99,0.000015,2025-10-06T06:41:07.322076,126771
88,0.150057,-1.25,-1.77,0.000001,2025-10-06T06:41:07.322076,141199
89,0.074354,-0.91,2.81,6.00E-7,2025-10-06T06:41:07.322076,32408
90,0.084152,-2.32,4.28,6.79E-7,2025-10-06T06:41:07.322076,48561
91,0.299438,-55.58,-23.95,0.000002,2025-10-06T06:41:07.322076,33644
92,1.91,-0.10,-12.91,0.000015,2025-10-06T06:41:07.322076,121623
93,1.27,-0.19,3.19,0.000010,2025-10-06T06:41:07.322076,32604
94,4.77,-1.99,1.70,0.000038,2025-10-06T06:41:07.322076,48839
95,0.366123,-1.31,-4.62,0.000003,2025-10-06T06:41:07.322076,33536
96,21.48,-1.32,7.72,0.000173,2025-10-06T06:41:07.322076,56821
97,2.93,-1.93,11.13,0.000024,2025-10-06T06:41:07.322076,47371
98,0.772056,-1.42,5.73,0.000006,2025-10-06T06:41:07.322076,121613
99,0.190000,-0.88,17.08,0.000002,2025-10-06T06:41:07.322076,447
100,0.714433,-1.08,6.98,0.000006,2025-10-06T06:41:07.322076,3682
1,123896.36,-0.88,12.35,1.00,2025-10-06T07:02:55.248619,90
2,4557.23,-0.06,12.74,0.036784,2025-10-06T07:02:55.248619,80
3,2.99,-1.53,5.57,0.000024,2025-10-06T07:02:55.248619,58
4,1.00,-0.01,-0.18,0.000008,2025-10-06T07:02:55.248619,518
5,1209.10,3.38,23.50,0.009759,2025-10-06T07:02:55.248619,2710
6,233.61,-0.67,13.34,0.001886,2025-10-06T07:02:55.248619,48543
7,0.999452,-0.01,-0.02,0.000008,2025-10-06T07:02:55.248619,33285
8,4553.16,-0.10,12.70,0.036751,2025-10-06T07:02:55.248619,46971
9,0.256877,-1.45,10.81,0.000002,2025-10-06T07:02:55.248619,2
10,0.497071,4.06,51.04,0.000004,2025-10-06T07:02:55.248619,147945
11,0.342694,0.25,2.39,0.000003,2025-10-06T07:02:55.248619,2713
12,0.845047,-2.57,6.83,0.000007,2025-10-06T07:02:55.248619,257
13,5536.52,-0.06,14.78,0.044688,2025-10-06T07:02:55.248619,65945
14,48.77,-3.62,6.24,0.000394,2025-10-06T07:02:55.248619,148109
15,4916.69,-0.02,12.84,0.039685,2025-10-06T07:02:55.248619,96901
16,123855.41,-0.85,12.24,0.999694,2025-10-06T07:02:55.248619,33422
17,4529.89,-0.75,12.29,0.036563,2025-10-06T07:02:55.248619,32610
18,22.00,-2.77,3.84,0.000178,2025-10-06T07:02:55.248619,2751
19,0.999852,-0.01,-0.09,0.000008,2025-10-06T07:02:55.248619,158405
20,3.63,-0.53,13.38,0.000029,2025-10-06T07:02:55.248619,93845
21,0.404366,0.30,11.50,0.000003,2025-10-06T07:02:55.248619,89
22,30.27,-1.41,4.40,0.000244,2025-10-06T07:02:55.248619,44883
23,599.34,-0.38,9.06,0.004838,2025-10-06T07:02:55.248619,2321
24,0.219393,-1.34,2.76,0.000002,2025-10-06T07:02:55.248619,48555
25,120.39,-0.50,14.25,0.000972,2025-10-06T07:02:55.248619,1
26,0.000013,-0.57,6.39,1.02E-10,2025-10-06T07:02:55.248619,45088
27,2.82,-0.61,4.63,0.000023,2025-10-06T07:02:55.248619,54683
28,2.15,7.85,22.18,0.000017,2025-10-06T07:02:55.248619,121595
29,4.17,-2.55,6.84,0.000034,2025-10-06T07:02:55.248619,45219
30,1.20,0.00,-0.18,0.000010,2025-10-06T07:02:55.248619,127063
31,319.12,-3.31,12.11,0.002576,2025-10-06T07:02:55.248619,28
32,0.999548,0.00,-0.01,0.000008,2025-10-06T07:02:55.248619,32417
33,8.22,-0.37,8.19,0.000066,2025-10-06T07:02:55.248619,47305
34,225.18,-1.23,17.91,0.001818,2025-10-06T07:02:55.248619,33531
35,289.35,-0.19,7.78,0.002335,2025-10-06T07:02:55.248619,46018
36,0.000010,-1.26,6.38,7.97E-11,2025-10-06T07:02:55.248619,93841
37,0.572400,-6.96,-2.36,0.000005,2025-10-06T07:02:55.248619,126763
38,5.66,2.89,9.94,0.000046,2025-10-06T07:02:55.248619,67117
39,5.37,-1.07,28.83,0.000043,2025-10-06T07:02:55.248619,111341
40,2.96,-4.82,8.52,0.000024,2025-10-06T07:02:55.248619,48563
41,6.71,-0.11,-3.97,0.000054,2025-10-06T07:02:55.248619,44863
42,318.71,-1.57,6.23,0.002572,2025-10-06T07:02:55.248619,121619
43,19.67,-1.23,7.93,0.000159,2025-10-06T07:02:55.248619,118
44,251.50,-0.79,13.44,0.002030,2025-10-06T07:02:55.248619,144321
45,9.49,-1.03,6.31,0.000077,2025-10-06T07:02:55.248619,150883
46,0.923708,-2.50,3.96,0.000007,2025-10-06T07:02:55.248619,121611
47,1.26,-3.48,-2.74,0.000010,2025-10-06T07:02:55.248619,99329
48,158.18,-2.41,169.37,0.001277,2025-10-06T07:02:55.248619,134
49,4.53,-1.31,7.28,0.000037,2025-10-06T07:02:55.248619,47311
50,0.439973,-1.14,4.13,0.000004,2025-10-06T07:02:55.248619,93847
51,0.261488,-0.37,-2.93,0.000002,2025-10-06T07:02:55.248619,151099
52,0.076431,-1.69,0.06,6.17E-7,2025-10-06T07:02:55.248619,70485
53,0.022967,-2.27,5.56,1.85E-7,2025-10-06T07:02:55.248619,2741
54,0.031196,-4.24,9.97,2.52E-7,2025-10-06T07:02:55.248619,151101
55,4.17,-1.14,1.10,0.000034,2025-10-06T07:02:55.248619,33830
56,0.208575,-1.00,10.87,0.000002,2025-10-06T07:02:55.248619,33819
57,0.219878,-2.86,7.54,0.000002,2025-10-06T07:02:55.248619,34406
58,3.53,-1.97,3.96,0.000029,2025-10-06T07:02:55.248619,135601
59,0.024347,-0.03,-4.94,1.97E-7,2025-10-06T07:02:55.248619,84965
60,0.292325,-1.87,4.64,0.000002,2025-10-06T07:02:55.248619,100427
61,0.999400,-0.04,-0.01,0.000008,2025-10-06T07:02:55.248619,164809
62,2.35,-0.83,7.88,0.000019,2025-10-06T07:02:55.248619,32607
63,7.80,-0.78,2.96,0.000063,2025-10-06T07:02:55.248619,148111
64,1194.53,3.02,23.08,0.009642,2025-10-06T07:02:55.248619,46722
65,0.000020,-3.77,3.68,1.61E-10,2025-10-06T07:02:55.248619,82537
66,0.579356,-4.95,0.91,0.000005,2025-10-06T07:02:55.248619,33718
67,1.59,-1.55,61.55,0.000013,2025-10-06T07:02:55.248619,136127
68,3932.32,1.03,4.56,0.031740,2025-10-06T07:02:55.248619,42855
69,1636.70,-3.02,1.01,0.013211,2025-10-06T07:02:55.248619,12377
70,0.747667,-3.37,-1.92,0.000006,2025-10-06T07:02:55.248619,121593
71,16.01,0.06,6.07,0.000129,2025-10-06T07:02:55.248619,2750
72,0.999392,0.00,0.03,0.000008,2025-10-06T07:02:55.248619,111357
73,0.733158,-1.00,9.13,0.000006,2025-10-06T07:02:55.248619,70497
74,13.01,0.52,9.77,0.000105,2025-10-06T07:02:55.248619,46183
75,103.66,-1.62,3.88,0.000837,2025-10-06T07:02:55.248619,33085
76,3.57,1.89,38.69,0.000029,2025-10-06T07:02:55.248619,45985
77,1.48,-3.56,4.79,0.000012,2025-10-06T07:02:55.248619,136105
78,0.997857,-0.06,-0.01,0.000008,2025-10-06T07:02:55.248619,100423
79,3938.21,1.16,4.35,0.031787,2025-10-06T07:02:55.248619,42227
80,0.607842,-1.35,5.25,0.000005,2025-10-06T07:02:55.248619,48569
81,0.781615,-2.31,16.22,0.000006,2025-10-06T07:02:55.248619,48581
82,0.278847,-1.68,14.92,0.000002,2025-10-06T07:02:55.248619,148191
83,1.18,-3.67,7.50,0.000009,2025-10-06T07:02:55.248619,46981
84,1.16,-2.28,10.18,0.000009,2025-10-06T07:02:55.248619,122319
85,0.867800,-1.17,10.04,0.000007,2025-10-06T07:02:55.248619,65895
86,0.000101,-3.63,23.41,8.14E-10,2025-10-06T07:02:55.248619,51947
87,0.161356,-0.12,8.47,0.000001,2025-10-06T07:02:55.248619,111347
88,1.80,-3.06,13.65,0.000015,2025-10-06T07:02:55.248619,126771
89,0.149557,-1.47,-2.26,0.000001,2025-10-06T07:02:55.248619,141199
90,0.074316,-0.97,2.71,6.00E-7,2025-10-06T07:02:55.248619,32408
91,0.084000,-2.36,3.85,6.78E-7,2025-10-06T07:02:55.248619,48561
92,0.300329,-55.45,-23.72,0.000002,2025-10-06T07:02:55.248619,33644
93,1.91,-1.15,-13.11,0.000015,2025-10-06T07:02:55.248619,121623
94,1.27,-0.19,3.22,0.000010,2025-10-06T07:02:55.248619,32604
95,4.77,-2.11,1.41,0.000038,2025-10-06T07:02:55.248619,48839
96,0.366113,-2.41,-4.62,0.000003,2025-10-06T07:02:55.248619,33536
97,21.44,-1.39,7.36,0.000173,2025-10-06T07:02:55.248619,56821
98,2.92,-2.00,10.50,0.000024,2025-10-06T07:02:55.248619,47371
99,0.768158,-1.82,4.67,0.000006,2025-10-06T07:02:55.248619,121613
100,0.189206,-1.51,16.36,0.000002,2025-10-06T07:02:55.248619,447
1,123896.36,-0.88,12.35,1.00,2025-10-06T07:04:14.966707,90
2,4557.23,-0.06,12.74,0.036784,2025-10-06T07:04:14.966707,80
3,2.99,-1.53,5.57,0.000024,2025-10-06T07:04:14.966707,58
4,1.00,-0.01,-0.18,0.000008,2025-10-06T07:04:14.966707,518
5,1209.10,3.38,23.50,0.009759,2025-10-06T07:04:14.966707,2710
6,233.61,-0.67,13.34,0.001886,2025-10-06T07:04:14.966707,48543
7,0.999452,-0.01,-0.02,0.000008,2025-10-06T07:04:14.966707,33285
8,4553.16,-0.10,12.70,0.036751,2025-10-06T07:04:14.966707,46971
9,0.256877,-1.45,10.81,0.000002,2025-10-06T07:04:14.966707,2
10,0.497071,4.06,51.04,0.000004,2025-10-06T07:04:14.966707,147945
11,0.342694,0.25,2.39,0.000003,2025-10-06T07:04:14.966707,2713
12,0.845047,-2.57,6.83,0.000007,2025-10-06T07:04:14.966707,257
13,5536.52,-0.06,14.78,0.044688,2025-10-06T07:04:14.966707,65945
14,48.77,-3.62,6.24,0.000394,2025-10-06T07:04:14.966707,148109
15,4916.69,-0.02,12.84,0.039685,2025-10-06T07:04:14.966707,96901
16,123855.41,-0.85,12.24,0.999694,2025-10-06T07:04:14.966707,33422
17,4529.89,-0.75,12.29,0.036563,2025-10-06T07:04:14.966707,32610
18,22.00,-2.77,3.84,0.000178,2025-10-06T07:04:14.966707,2751
19,0.999852,-0.01,-0.09,0.000008,2025-10-06T07:04:14.966707,158405
20,3.63,-0.53,13.38,0.000029,2025-10-06T07:04:14.966707,93845
21,0.404366,0.30,11.50,0.000003,2025-10-06T07:04:14.966707,89
22,30.27,-1.41,4.40,0.000244,2025-10-06T07:04:14.966707,44883
23,599.34,-0.38,9.06,0.004838,2025-10-06T07:04:14.966707,2321
24,0.219393,-1.34,2.76,0.000002,2025-10-06T07:04:14.966707,48555
25,120.39,-0.50,14.25,0.000972,2025-10-06T07:04:14.966707,1
26,0.000013,-0.57,6.39,1.02E-10,2025-10-06T07:04:14.966707,45088
27,2.82,-0.61,4.63,0.000023,2025-10-06T07:04:14.966707,54683
28,2.15,7.85,22.18,0.000017,2025-10-06T07:04:14.966707,121595
29,4.17,-2.55,6.84,0.000034,2025-10-06T07:04:14.966707,45219
30,1.20,0.00,-0.18,0.000010,2025-10-06T07:04:14.966707,127063
31,319.12,-3.31,12.11,0.002576,2025-10-06T07:04:14.966707,28
32,0.999548,0.00,-0.01,0.000008,2025-10-06T07:04:14.966707,32417
33,8.22,-0.37,8.19,0.000066,2025-10-06T07:04:14.966707,47305
34,225.18,-1.23,17.91,0.001818,2025-10-06T07:04:14.966707,33531
35,289.35,-0.19,7.78,0.002335,2025-10-06T07:04:14.966707,46018
36,0.000010,-1.26,6.38,7.97E-11,2025-10-06T07:04:14.966707,93841
37,0.572400,-6.96,-2.36,0.000005,2025-10-06T07:04:14.966707,126763
38,5.66,2.89,9.94,0.000046,2025-10-06T07:04:14.966707,67117
39,5.37,-1.07,28.83,0.000043,2025-10-06T07:04:14.966707,111341
40,2.96,-4.82,8.52,0.000024,2025-10-06T07:04:14.966707,48563
41,6.71,-0.11,-3.97,0.000054,2025-10-06T07:04:14.966707,44863
42,318.71,-1.57,6.23,0.002572,2025-10-06T07:04:14.966707,121619
43,19.67,-1.23,7.93,0.000159,2025-10-06T07:04:14.966707,118
44,251.50,-0.79,13.44,0.002030,2025-10-06T07:04:14.966707,144321
45,9.49,-1.03,6.31,0.000077,2025-10-06T07:04:14.966707,150883
46,0.923708,-2.50,3.96,0.000007,2025-10-06T07:04:14.966707,121611
47,1.26,-3.48,-2.74,0.000010,2025-10-06T07:04:14.966707,99329
48,158.18,-2.41,169.37,0.001277,2025-10-06T07:04:14.966707,134
49,4.53,-1.31,7.28,0.000037,2025-10-06T07:04:14.966707,47311
50,0.439973,-1.14,4.13,0.000004,2025-10-06T07:04:14.966707,93847
51,0.261488,-0.37,-2.93,0.000002,2025-10-06T07:04:14.966707,151099
52,0.076431,-1.69,0.06,6.17E-7,2025-10-06T07:04:14.966707,70485
53,0.022967,-2.27,5.56,1.85E-7,2025-10-06T07:04:14.966707,2741
54,0.031196,-4.24,9.97,2.52E-7,2025-10-06T07:04:14.966707,151101
55,4.17,-1.14,1.10,0.000034,2025-10-06T07:04:14.966707,33830
56,0.208575,-1.00,10.87,0.000002,2025-10-06T07:04:14.966707,33819
57,0.219878,-2.86,7.54,0.000002,2025-10-06T07:04:14.966707,34406
58,3.53,-1.97,3.96,0.000029,2025-10-06T07:04:14.966707,135601
59,0.024347,-0.03,-4.94,1.97E-7,2025-10-06T07:04:14.966707,84965
60,0.292325,-1.87,4.64,0.000002,2025-10-06T07:04:14.966707,100427
61,0.999400,-0.04,-0.01,0.000008,2025-10-06T07:04:14.966707,164809
62,2.35,-0.83,7.88,0.000019,2025-10-06T07:04:14.966707,32607
63,7.80,-0.78,2.96,0.000063,2025-10-06T07:04:14.966707,148111
64,1194.53,3.02,23.08,0.009642,2025-10-06T07:04:14.966707,46722
65,0.000020,-3.77,3.68,1.61E-10,2025-10-06T07:04:14.966707,82537
66,0.579356,-4.95,0.91,0.000005,2025-10-06T07:04:14.966707,33718
67,1.59,-1.55,61.55,0.000013,2025-10-06T07:04:14.966707,136127
68,3932.32,1.03,4.56,0.031740,2025-10-06T07:04:14.966707,42855
69,1636.70,-3.02,1.01,0.013211,2025-10-06T07:04:14.966707,12377
70,0.747667,-3.37,-1.92,0.000006,2025-10-06T07:04:14.966707,121593
71,16.01,0.06,6.07,0.000129,2025-10-06T07:04:14.966707,2750
72,0.999392,0.00,0.03,0.000008,2025-10-06T07:04:14.966707,111357
73,0.733158,-1.00,9.13,0.000006,2025-10-06T07:04:14.966707,70497
74,13.01,0.52,9.77,0.000105,2025-10-06T07:04:14.966707,46183
75,103.66,-1.62,3.88,0.000837,2025-10-06T07:04:14.966707,33085
76,3.57,1.89,38.69,0.000029,2025-10-06T07:04:14.966707,45985
77,1.48,-3.56,4.79,0.000012,2025-10-06T07:04:14.966707,136105
78,0.997857,-0.06,-0.01,0.000008,2025-10-06T07:04:14.966707,100423
79,3938.21,1.16,4.35,0.031787,2025-10-06T07:04:14.966707,42227
80,0.607842,-1.35,5.25,0.000005,2025-10-06T07:04:14.966707,48569
81,0.781615,-2.31,16.22,0.000006,2025-10-06T07:04:14.966707,48581
82,0.278847,-1.68,14.92,0.000002,2025-10-06T07:04:14.966707,148191
83,1.18,-3.67,7.50,0.000009,2025-10-06T07:04:14.966707,46981
84,1.16,-2.28,10.18,0.000009,2025-10-06T07:04:14.966707,122319
85,0.867800,-1.17,10.04,0.000007,2025-10-06T07:04:14.966707,65895
86,0.000101,-3.63,23.41,8.14E-10,2025-10-06T07:04:14.966707,51947
87,0.161356,-0.12,8.47,0.000001,2025-10-06T07:04:14.966707,111347
88,1.80,-3.06,13.65,0.000015,2025-10-06T07:04:14.966707,126771
89,0.149557,-1.47,-2.26,0.000001,2025-10-06T07:04:14.966707,141199
90,0.074316,-0.97,2.71,6.00E-7,2025-10-06T07:04:14.966707,32408
91,0.084000,-2.36,3.85,6.78E-7,2025-10-06T07:04:14.966707,48561
92,0.300329,-55.45,-23.72,0.000002,2025-10-06T07:04:14.966707,33644
93,1.91,-1.15,-13.11,0.000015,2025-10-06T07:04:14.966707,121623
94,1.27,-0.19,3.22,0.000010,2025-10-06T07:04:14.966707,32604
95,4.77,-2.11,1.41,0.000038,2025-10-06T07:04:14.966707,48839
96,0.366113,-2.41,-4.62,0.000003,2025-10-06T07:04:14.966707,33536
97,21.44,-1.39,7.36,0.000173,2025-10-06T07:04:14.966707,56821
98,2.92,-2.00,10.50,0.000024,2025-10-06T07:04:14.966707,47371
99,0.768158,-1.82,4.67,0.000006,2025-10-06T07:04:14.966707,121613
100,0.189206,-1.51,16.36,0.000002,2025-10-06T07:04:14.966707,447
1,123871.13,-0.93,12.36,1.00,2025-10-06T07:13:26.298423,90
2,4566.76,-0.19,13.08,0.036866,2025-10-06T07:13:26.298423,80
3,2.99,-1.67,5.85,0.000024,2025-10-06T07:13:26.298423,58
4,1.00,-0.24,-0.21,0.000008,2025-10-06T07:13:26.298423,518
5,1206.75,2.98,23.36,0.009742,2025-10-06T07:13:26.298423,2710
6,233.68,-1.08,13.50,0.001886,2025-10-06T07:13:26.298423,48543
7,0.999557,0.00,-0.02,0.000008,2025-10-06T07:13:26.298423,33285
8,4562.20,-0.08,12.98,0.036829,2025-10-06T07:13:26.298423,46971
9,0.257175,-1.97,11.10,0.000002,2025-10-06T07:13:26.298423,2
10,0.498200,4.66,52.40,0.000004,2025-10-06T07:13:26.298423,147945
11,0.343298,0.36,2.65,0.000003,2025-10-06T07:13:26.298423,2713
12,0.846583,-2.94,7.15,0.000007,2025-10-06T07:13:26.298423,257
13,48.75,-4.26,6.63,0.000394,2025-10-06T07:13:26.298423,148109
14,4926.19,-0.18,13.12,0.039768,2025-10-06T07:13:26.298423,96901
15,123900.50,-0.86,12.32,1.00,2025-10-06T07:13:26.298423,33422
16,4529.98,-0.60,12.30,0.036569,2025-10-06T07:13:26.298423,32610
17,22.03,-2.87,4.05,0.000178,2025-10-06T07:13:26.298423,2751
18,0.999894,-0.01,-0.08,0.000008,2025-10-06T07:13:26.298423,158405
19,3.65,-0.81,13.99,0.000029,2025-10-06T07:13:26.298423,93845
20,0.405100,0.19,11.76,0.000003,2025-10-06T07:13:26.298423,89
21,30.31,-1.66,4.62,0.000245,2025-10-06T07:13:26.298423,44883
22,599.53,-0.51,9.14,0.004840,2025-10-06T07:13:26.298423,2321
23,0.220007,-1.42,3.17,0.000002,2025-10-06T07:13:26.298423,48555
24,120.49,-0.81,14.41,0.000973,2025-10-06T07:13:26.298423,1
25,0.000013,-0.26,6.96,1.02E-10,2025-10-06T07:13:26.298423,45088
26,2.82,-0.75,4.83,0.000023,2025-10-06T07:13:26.298423,54683
27,2.15,7.47,21.90,0.000017,2025-10-06T07:13:26.298423,121595
28,4.18,-2.69,7.35,0.000034,2025-10-06T07:13:26.298423,45219
29,1.20,0.00,-0.18,0.000010,2025-10-06T07:13:26.298423,127063
30,317.00,-3.74,11.54,0.002559,2025-10-06T07:13:26.298423,28
31,0.999419,-0.05,-0.02,0.000008,2025-10-06T07:13:26.298423,32417
32,8.24,-0.66,8.58,0.000067,2025-10-06T07:13:26.298423,47305
33,226.43,-0.57,18.60,0.001828,2025-10-06T07:13:26.298423,33531
34,290.60,-0.14,8.22,0.002346,2025-10-06T07:13:26.298423,46018
35,0.000010,-1.45,6.64,7.99E-11,2025-10-06T07:13:26.298423,93841
36,0.576073,-7.36,-1.68,0.000005,2025-10-06T07:13:26.298423,126763
37,5.66,3.07,9.93,0.000046,2025-10-06T07:13:26.298423,67117
38,5.38,-0.92,29.32,0.000043,2025-10-06T07:13:26.298423,111341
39,2.96,-5.30,8.83,0.000024,2025-10-06T07:13:26.298423,48563
40,6.71,-0.12,-3.97,0.000054,2025-10-06T07:13:26.298423,44863
41,320.06,-1.37,6.89,0.002584,2025-10-06T07:13:26.298423,121619
42,19.73,-1.12,7.99,0.000159,2025-10-06T07:13:26.298423,118
43,9.50,-1.13,5.94,0.000077,2025-10-06T07:13:26.298423,150883
44,251.40,-1.14,13.24,0.002029,2025-10-06T07:13:26.298423,144321
45,0.927475,-2.50,4.45,0.000007,2025-10-06T07:13:26.298423,121611
46,1.27,-3.79,-1.75,0.000010,2025-10-06T07:13:26.298423,99329
47,159.04,-1.04,171.14,0.001284,2025-10-06T07:13:26.298423,134
48,4.54,-1.54,7.63,0.000037,2025-10-06T07:13:26.298423,47311
49,0.441581,-1.33,4.70,0.000004,2025-10-06T07:13:26.298423,93847
50,0.261551,-0.47,-2.98,0.000002,2025-10-06T07:13:26.298423,151099
51,0.076603,-1.54,0.42,6.18E-7,2025-10-06T07:13:26.298423,70485
52,0.023021,-2.27,5.83,1.86E-7,2025-10-06T07:13:26.298423,2741
53,0.031240,-4.66,10.16,2.52E-7,2025-10-06T07:13:26.298423,151101
54,4.18,-1.28,1.51,0.000034,2025-10-06T07:13:26.298423,33830
55,0.220562,-2.87,7.94,0.000002,2025-10-06T07:13:26.298423,34406
56,0.208629,-1.10,10.81,0.000002,2025-10-06T07:13:26.298423,33819
57,3.55,-1.89,4.65,0.000029,2025-10-06T07:13:26.298423,135601
58,0.024372,-0.27,-4.85,1.97E-7,2025-10-06T07:13:26.298423,84965
59,0.293099,-1.94,5.00,0.000002,2025-10-06T07:13:26.298423,100427
60,0.999450,-0.03,0.00,0.000008,2025-10-06T07:13:26.298423,164809
61,2.36,-0.91,8.47,0.000019,2025-10-06T07:13:26.298423,32607
62,7.81,-0.96,3.05,0.000063,2025-10-06T07:13:26.298423,148111
63,1198.37,3.36,23.47,0.009674,2025-10-06T07:13:26.298423,46722
64,0.000020,-4.01,4.26,1.61E-10,2025-10-06T07:13:26.298423,82537
65,0.581271,-4.61,1.40,0.000005,2025-10-06T07:13:26.298423,33718
66,1684.42,-0.31,3.74,0.013598,2025-10-06T07:13:26.298423,12377
67,1.61,-2.61,63.10,0.000013,2025-10-06T07:13:26.298423,136127
68,3935.98,1.13,4.64,0.031774,2025-10-06T07:13:26.298423,42855
69,0.751936,-3.32,-1.97,0.000006,2025-10-06T07:13:26.298423,121593
70,16.02,0.09,6.11,0.000129,2025-10-06T07:13:26.298423,2750
71,0.999515,0.02,0.06,0.000008,2025-10-06T07:13:26.298423,111357
72,0.734682,-1.24,9.45,0.000006,2025-10-06T07:13:26.298423,70497
73,3.70,5.78,43.58,0.000030,2025-10-06T07:13:26.298423,45985
74,13.07,0.43,10.37,0.000106,2025-10-06T07:13:26.298423,46183
75,103.91,-1.34,3.89,0.000839,2025-10-06T07:13:26.298423,33085
76,1.49,-3.76,5.15,0.000012,2025-10-06T07:13:26.298423,136105
77,0.997875,-0.08,-0.01,0.000008,2025-10-06T07:13:26.298423,100423
78,3941.51,1.26,4.44,0.031819,2025-10-06T07:13:26.298423,42227
79,0.609326,-1.38,5.47,0.000005,2025-10-06T07:13:26.298423,48569
80,0.782670,-2.06,16.61,0.000006,2025-10-06T07:13:26.298423,48581
81,1.18,-3.87,7.94,0.000010,2025-10-06T07:13:26.298423,46981
82,0.278852,-1.88,15.15,0.000002,2025-10-06T07:13:26.298423,148191
83,1.16,-2.59,10.57,0.000009,2025-10-06T07:13:26.298423,122319
84,0.867500,-1.17,9.99,0.000007,2025-10-06T07:13:26.298423,65895
85,0.000101,-3.92,24.51,8.18E-10,2025-10-06T07:13:26.298423,51947
86,0.162218,-0.15,9.46,0.000001,2025-10-06T07:13:26.298423,111347
87,1.81,-3.47,14.07,0.000015,2025-10-06T07:13:26.298423,126771
88,0.149799,-1.45,-2.10,0.000001,2025-10-06T07:13:26.298423,141199
89,0.074364,-0.98,2.68,6.00E-7,2025-10-06T07:13:26.298423,32408
90,0.084064,-2.69,4.03,6.79E-7,2025-10-06T07:13:26.298423,48561
91,0.300575,-55.42,-23.66,0.000002,2025-10-06T07:13:26.298423,33644
92,1.90,-1.43,-13.25,0.000015,2025-10-06T07:13:26.298423,121623
93,1.27,0.04,3.52,0.000010,2025-10-06T07:13:26.298423,32604
94,4.78,-2.27,1.74,0.000039,2025-10-06T07:13:26.298423,48839
95,0.366114,-1.31,-4.62,0.000003,2025-10-06T07:13:26.298423,33536
96,21.52,-1.38,7.89,0.000174,2025-10-06T07:13:26.298423,56821
97,2.93,-2.14,10.96,0.000024,2025-10-06T07:13:26.298423,47371
98,0.770779,-2.27,5.22,0.000006,2025-10-06T07:13:26.298423,121613
99,0.189443,-1.76,16.64,0.000002,2025-10-06T07:13:26.298423,447
100,0.714236,-1.91,6.90,0.000006,2025-10-06T07:13:26.298423,3682
1,123937.85,-0.86,12.53,1.00,2025-10-06T07:18:51.038274,90
2,4569.63,-0.20,13.27,0.036876,2025-10-06T07:18:51.038274,80
3,2.99,-1.89,5.96,0.000024,2025-10-06T07:18:51.038274,58
4,1.00,-0.20,-0.17,0.000008,2025-10-06T07:18:51.038274,518
5,1207.52,2.79,23.68,0.009744,2025-10-06T07:18:51.038274,2710
6,233.77,-1.11,13.75,0.001887,2025-10-06T07:18:51.038274,48543
7,0.999505,0.00,-0.01,0.000008,2025-10-06T07:18:51.038274,33285
8,4564.06,-0.21,13.14,0.036831,2025-10-06T07:18:51.038274,46971
9,0.257008,-2.23,11.20,0.000002,2025-10-06T07:18:51.038274,2
10,0.500729,4.98,53.54,0.000004,2025-10-06T07:18:51.038274,147945
11,0.343346,0.36,2.70,0.000003,2025-10-06T07:18:51.038274,2713
12,0.847091,-3.11,7.34,0.000007,2025-10-06T07:18:51.038274,257
13,48.74,-4.40,7.30,0.000393,2025-10-06T07:18:51.038274,148109
14,4930.89,-0.16,13.35,0.039791,2025-10-06T07:18:51.038274,96901
15,123893.76,-0.86,12.38,0.999801,2025-10-06T07:18:51.038274,33422
16,4539.90,-0.40,12.37,0.036636,2025-10-06T07:18:51.038274,32610
17,22.04,-3.07,4.31,0.000178,2025-10-06T07:18:51.038274,2751
18,0.999878,-0.01,-0.09,0.000008,2025-10-06T07:18:51.038274,158405
19,3.64,-1.20,13.99,0.000029,2025-10-06T07:18:51.038274,93845
20,0.404890,-0.04,11.80,0.000003,2025-10-06T07:18:51.038274,89
21,30.33,-1.84,4.84,0.000245,2025-10-06T07:18:51.038274,44883
22,599.68,-0.50,9.26,0.004839,2025-10-06T07:18:51.038274,2321
23,0.220234,-1.51,3.45,0.000002,2025-10-06T07:18:51.038274,48555
24,120.51,-0.78,14.51,0.000972,2025-10-06T07:18:51.038274,1
25,0.000013,-0.40,7.07,1.02E-10,2025-10-06T07:18:51.038274,45088
26,2.82,-0.88,4.99,0.000023,2025-10-06T07:18:51.038274,54683
27,2.15,6.64,22.27,0.000017,2025-10-06T07:18:51.038274,121595
28,4.18,-2.86,7.55,0.000034,2025-10-06T07:18:51.038274,45219
29,316.53,-4.30,11.20,0.002554,2025-10-06T07:18:51.038274,28
30,0.999863,-0.01,0.02,0.000008,2025-10-06T07:18:51.038274,32417
31,8.25,-0.58,8.87,0.000067,2025-10-06T07:18:51.038274,47305
32,226.29,-0.53,18.56,0.001826,2025-10-06T07:18:51.038274,33531
33,290.92,-0.01,8.52,0.002348,2025-10-06T07:18:51.038274,46018
34,0.000010,-1.85,6.85,7.98E-11,2025-10-06T07:18:51.038274,93841
35,0.576489,-7.53,-1.38,0.000005,2025-10-06T07:18:51.038274,126763
36,5.66,2.97,9.90,0.000046,2025-10-06T07:18:51.038274,67117
37,5.39,-1.11,29.60,0.000043,2025-10-06T07:18:51.038274,111341
38,2.96,-5.26,9.14,0.000024,2025-10-06T07:18:51.038274,48563
39,6.71,-0.11,-3.97,0.000054,2025-10-06T07:18:51.038274,44863
40,320.33,-1.43,7.13,0.002585,2025-10-06T07:18:51.038274,121619
41,19.74,-1.21,8.17,0.000159,2025-10-06T07:18:51.038274,118
42,251.60,-1.26,13.85,0.002030,2025-10-06T07:18:51.038274,144321
43,9.50,-1.28,6.09,0.000077,2025-10-06T07:18:51.038274,150883
44,0.927172,-2.69,4.58,0.000007,2025-10-06T07:18:51.038274,121611
45,1.27,-3.88,-1.53,0.000010,2025-10-06T07:18:51.038274,99329
46,159.07,-0.41,171.50,0.001284,2025-10-06T07:18:51.038274,134
47,4.54,-1.66,7.80,0.000037,2025-10-06T07:18:51.038274,47311
48,0.441791,-1.42,4.90,0.000004,2025-10-06T07:18:51.038274,93847
49,0.261674,-0.41,-2.81,0.000002,2025-10-06T07:18:51.038274,151099
50,0.076831,-1.16,0.86,6.20E-7,2025-10-06T07:18:51.038274,70485
51,0.023055,-2.42,6.17,1.86E-7,2025-10-06T07:18:51.038274,2741
52,0.031215,-4.88,10.23,2.52E-7,2025-10-06T07:18:51.038274,151101
53,4.18,-1.42,1.63,0.000034,2025-10-06T07:18:51.038274,33830
54,0.208918,-1.09,11.18,0.000002,2025-10-06T07:18:51.038274,33819
55,0.220669,-2.97,8.09,0.000002,2025-10-06T07:18:51.038274,34406
56,3.55,-2.08,4.87,0.000029,2025-10-06T07:18:51.038274,135601
57,0.024370,-0.22,-4.47,1.97E-7,2025-10-06T07:18:51.038274,84965
58,0.293083,-2.25,5.22,0.000002,2025-10-06T07:18:51.038274,100427
59,0.999500,-0.03,0.01,0.000008,2025-10-06T07:18:51.038274,164809
60,2.36,-1.07,8.58,0.000019,2025-10-06T07:18:51.038274,32607
61,7.80,-1.11,3.12,0.000063,2025-10-06T07:18:51.038274,148111
62,1192.70,2.93,23.49,0.009625,2025-10-06T07:18:51.038274,46722
63,0.000020,-4.25,4.47,1.61E-10,2025-10-06T07:18:51.038274,82537
64,0.581372,-4.91,1.53,0.000005,2025-10-06T07:18:51.038274,33718
65,1683.66,-0.40,-0.25,0.013587,2025-10-06T07:18:51.038274,12377
66,1.61,-2.39,63.94,0.000013,2025-10-06T07:18:51.038274,136127
67,3936.01,1.15,4.63,0.031763,2025-10-06T07:18:51.038274,42855
68,0.753745,-3.34,-1.21,0.000006,2025-10-06T07:18:51.038274,121593
69,16.04,0.26,6.31,0.000129,2025-10-06T07:18:51.038274,2750
70,0.999466,0.01,0.04,0.000008,2025-10-06T07:18:51.038274,111357
71,0.735215,-1.33,9.86,0.000006,2025-10-06T07:18:51.038274,70497
72,3.76,7.59,46.10,0.000030,2025-10-06T07:18:51.038274,45985
73,13.08,0.23,10.60,0.000106,2025-10-06T07:18:51.038274,46183
74,103.84,-1.40,3.83,0.000838,2025-10-06T07:18:51.038274,33085
75,1.49,-4.08,5.39,0.000012,2025-10-06T07:18:51.038274,136105
76,0.997855,-0.05,-0.01,0.000008,2025-10-06T07:18:51.038274,100423
77,3941.79,1.26,4.44,0.031810,2025-10-06T07:18:51.038274,42227
78,0.610096,-1.44,5.81,0.000005,2025-10-06T07:18:51.038274,48569
79,0.784728,-1.76,17.16,0.000006,2025-10-06T07:18:51.038274,48581
80,1.18,-4.15,8.18,0.000010,2025-10-06T07:18:51.038274,46981
81,0.278814,-2.13,15.22,0.000002,2025-10-06T07:18:51.038274,148191
82,1.16,-3.03,10.95,0.000009,2025-10-06T07:18:51.038274,122319
83,0.867500,-1.30,10.05,0.000007,2025-10-06T07:18:51.038274,65895
84,0.000102,-4.25,24.96,8.20E-10,2025-10-06T07:18:51.038274,51947
85,0.162210,-0.21,9.93,0.000001,2025-10-06T07:18:51.038274,111347
86,1.81,-3.22,14.53,0.000015,2025-10-06T07:18:51.038274,126771
87,0.149883,-1.60,-1.88,0.000001,2025-10-06T07:18:51.038274,141199
88,0.074355,-1.07,2.64,6.00E-7,2025-10-06T07:18:51.038274,32408
89,0.084038,-2.85,4.14,6.78E-7,2025-10-06T07:18:51.038274,48561
90,0.300575,-55.41,-23.66,0.000002,2025-10-06T07:18:51.038274,33644
91,1.90,-1.07,-13.25,0.000015,2025-10-06T07:18:51.038274,121623
92,1.27,-0.01,3.51,0.000010,2025-10-06T07:18:51.038274,32604
93,4.78,-2.23,2.10,0.000039,2025-10-06T07:18:51.038274,48839
94,21.53,-1.46,8.02,0.000174,2025-10-06T07:18:51.038274,56821
95,0.366114,-1.31,-4.62,0.000003,2025-10-06T07:18:51.038274,33536
96,2.93,-2.45,11.20,0.000024,2025-10-06T07:18:51.038274,47371
97,0.771291,-2.52,5.57,0.000006,2025-10-06T07:18:51.038274,121613
98,0.189776,-1.59,17.01,0.000002,2025-10-06T07:18:51.038274,447
99,0.715339,-1.79,7.21,0.000006,2025-10-06T07:18:51.038274,3682
100,0.146692,-1.05,3.01,0.000001,2025-10-06T07:18:51.038274,121599
1,123829.22,-0.69,12.25,1.00,2025-10-06T07:39:54.729602,90
2,4566.92,-0.10,13.08,0.036890,2025-10-06T07:39:54.729602,80
3,2.99,-1.97,5.63,0.000024,2025-10-06T07:39:54.729602,58
4,1.00,-0.22,-0.21,0.000008,2025-10-06T07:39:54.729602,518
5,1213.11,3.40,24.23,0.009799,2025-10-06T07:39:54.729602,2710
6,233.12,-1.05,13.00,0.001883,2025-10-06T07:39:54.729602,48543
7,0.999524,0.00,-0.01,0.000008,2025-10-06T07:39:54.729602,33285
8,4562.14,-0.12,13.02,0.036851,2025-10-06T07:39:54.729602,46971
9,0.256829,-1.89,10.78,0.000002,2025-10-06T07:39:54.729602,2
10,0.512900,6.87,58.09,0.000004,2025-10-06T07:39:54.729602,147945
11,0.343362,0.31,2.68,0.000003,2025-10-06T07:39:54.729602,2713
12,0.847326,-2.93,7.26,0.000007,2025-10-06T07:39:54.729602,257
13,48.88,-3.45,7.61,0.000395,2025-10-06T07:39:54.729602,148109
14,4922.54,-0.15,13.03,0.039762,2025-10-06T07:39:54.729602,96901
15,123889.80,-0.64,12.22,1.00,2025-10-06T07:39:54.729602,33422
16,4540.09,-0.66,12.51,0.036673,2025-10-06T07:39:54.729602,32610
17,22.07,-2.79,4.12,0.000178,2025-10-06T07:39:54.729602,2751
18,0.999952,0.00,-0.08,0.000008,2025-10-06T07:39:54.729602,158405
19,3.63,-1.14,13.19,0.000029,2025-10-06T07:39:54.729602,93845
20,0.403800,-0.27,11.29,0.000003,2025-10-06T07:39:54.729602,89
21,30.33,-1.59,4.55,0.000245,2025-10-06T07:39:54.729602,44883
22,598.59,-0.69,8.75,0.004835,2025-10-06T07:39:54.729602,2321
23,0.219849,-1.54,3.11,0.000002,2025-10-06T07:39:54.729602,48555
24,120.22,-1.45,14.05,0.000971,2025-10-06T07:39:54.729602,1
25,0.000013,-0.47,6.74,1.02E-10,2025-10-06T07:39:54.729602,45088
26,2.83,-0.70,5.21,0.000023,2025-10-06T07:39:54.729602,54683
27,2.14,5.99,21.44,0.000017,2025-10-06T07:39:54.729602,121595
28,4.18,-2.92,7.33,0.000034,2025-10-06T07:39:54.729602,45219
29,317.59,-4.19,11.23,0.002565,2025-10-06T07:39:54.729602,28
30,0.999534,0.02,0.00,0.000008,2025-10-06T07:39:54.729602,32417
31,8.26,-0.43,8.78,0.000067,2025-10-06T07:39:54.729602,47305
32,227.42,0.20,19.25,0.001837,2025-10-06T07:39:54.729602,33531
33,289.55,-0.35,7.81,0.002339,2025-10-06T07:39:54.729602,46018
34,0.000010,-1.58,6.43,7.98E-11,2025-10-06T07:39:54.729602,93841
35,0.575696,-7.35,-2.40,0.000005,2025-10-06T07:39:54.729602,126763
36,5.64,2.64,9.52,0.000046,2025-10-06T07:39:54.729602,67117
37,5.37,-2.78,29.16,0.000043,2025-10-06T07:39:54.729602,111341
38,2.97,-5.74,9.21,0.000024,2025-10-06T07:39:54.729602,48563
39,6.71,-0.11,-3.97,0.000054,2025-10-06T07:39:54.729602,44863
40,321.12,-0.82,7.17,0.002594,2025-10-06T07:39:54.729602,121619
41,19.73,-1.23,8.12,0.000159,2025-10-06T07:39:54.729602,118
42,9.48,-1.89,6.45,0.000077,2025-10-06T07:39:54.729602,150883
43,250.60,-1.26,12.93,0.002024,2025-10-06T07:39:54.729602,144321
44,0.922121,-3.11,3.88,0.000007,2025-10-06T07:39:54.729602,121611
45,1.26,-3.33,-1.59,0.000010,2025-10-06T07:39:54.729602,99329
46,159.30,-0.77,171.19,0.001287,2025-10-06T07:39:54.729602,134
47,4.53,-1.90,7.38,0.000037,2025-10-06T07:39:54.729602,47311
48,0.442250,-1.35,4.82,0.000004,2025-10-06T07:39:54.729602,93847
49,0.261540,-0.33,-2.89,0.000002,2025-10-06T07:39:54.729602,151099
50,0.076776,-0.37,1.07,6.20E-7,2025-10-06T07:39:54.729602,70485
51,0.023053,-2.31,5.94,1.86E-7,2025-10-06T07:39:54.729602,2741
52,4.17,-1.55,1.46,0.000034,2025-10-06T07:39:54.729602,33830
53,0.031088,-5.20,9.58,2.51E-7,2025-10-06T07:39:54.729602,151101
54,0.220224,-3.23,7.72,0.000002,2025-10-06T07:39:54.729602,34406
55,0.208245,-1.03,10.84,0.000002,2025-10-06T07:39:54.729602,33819
56,3.54,-2.02,4.43,0.000029,2025-10-06T07:39:54.729602,135601
57,0.024341,-0.37,-4.68,1.97E-7,2025-10-06T07:39:54.729602,84965
58,0.292309,-2.05,4.81,0.000002,2025-10-06T07:39:54.729602,100427
59,0.999350,-0.04,-0.01,0.000008,2025-10-06T07:39:54.729602,164809
60,2.35,-1.30,7.95,0.000019,2025-10-06T07:39:54.729602,32607
61,7.80,-0.98,2.92,0.000063,2025-10-06T07:39:54.729602,148111
62,0.000020,-4.00,4.04,1.61E-10,2025-10-06T07:39:54.729602,82537
63,1184.90,1.80,22.14,0.009571,2025-10-06T07:39:54.729602,46722
64,0.580304,-5.22,1.23,0.000005,2025-10-06T07:39:54.729602,33718
65,1.59,-0.54,61.99,0.000013,2025-10-06T07:39:54.729602,136127
66,3934.60,1.14,4.60,0.031782,2025-10-06T07:39:54.729602,42855
67,1638.31,-1.20,-1.49,0.013234,2025-10-06T07:39:54.729602,12377
68,0.752573,-3.47,-1.73,0.000006,2025-10-06T07:39:54.729602,121593
69,16.06,0.33,6.42,0.000130,2025-10-06T07:39:54.729602,2750
70,0.999599,0.02,0.02,0.000008,2025-10-06T07:39:54.729602,111357
71,0.734841,-1.38,9.61,0.000006,2025-10-06T07:39:54.729602,70497
72,3.76,8.37,45.77,0.000030,2025-10-06T07:39:54.729602,45985
73,13.06,0.38,10.23,0.000105,2025-10-06T07:39:54.729602,46183
74,103.92,-1.13,3.60,0.000839,2025-10-06T07:39:54.729602,33085
75,1.48,-4.08,5.00,0.000012,2025-10-06T07:39:54.729602,136105
76,0.997906,-0.06,0.00,0.000008,2025-10-06T07:39:54.729602,100423
77,3939.74,1.25,4.41,0.031823,2025-10-06T07:39:54.729602,42227
78,0.609000,-1.38,5.36,0.000005,2025-10-06T07:39:54.729602,48569
79,0.784176,-1.38,16.68,0.000006,2025-10-06T07:39:54.729602,48581
80,1.18,-3.44,8.21,0.000010,2025-10-06T07:39:54.729602,46981
81,0.278754,-2.17,15.30,0.000002,2025-10-06T07:39:54.729602,148191
82,1.16,-2.95,10.35,0.000009,2025-10-06T07:39:54.729602,122319
83,0.867400,-1.17,9.98,0.000007,2025-10-06T07:39:54.729602,65895
84,0.000101,-5.17,24.03,8.16E-10,2025-10-06T07:39:54.729602,51947
85,0.161332,-0.21,9.05,0.000001,2025-10-06T07:39:54.729602,111347
86,1.81,-3.60,13.84,0.000015,2025-10-06T07:39:54.729602,126771
87,0.149747,-1.56,-2.00,0.000001,2025-10-06T07:39:54.729602,141199
88,0.074524,-0.82,2.68,6.02E-7,2025-10-06T07:39:54.729602,32408
89,0.083964,-2.65,3.85,6.78E-7,2025-10-06T07:39:54.729602,48561
90,0.300575,-23.13,-23.66,0.000002,2025-10-06T07:39:54.729602,33644
91,1.91,-0.49,-13.58,0.000015,2025-10-06T07:39:54.729602,121623
92,1.27,0.34,3.78,0.000010,2025-10-06T07:39:54.729602,32604
93,4.77,-1.92,1.71,0.000039,2025-10-06T07:39:54.729602,48839
94,0.366118,-0.10,-4.62,0.000003,2025-10-06T07:39:54.729602,33536
95,21.50,-1.66,7.85,0.000174,2025-10-06T07:39:54.729602,56821
96,2.93,-2.04,11.08,0.000024,2025-10-06T07:39:54.729602,47371
97,0.767982,-2.66,4.87,0.000006,2025-10-06T07:39:54.729602,121613
98,0.189610,-1.56,16.75,0.000002,2025-10-06T07:39:54.729602,447
99,0.715569,-4.09,7.04,0.000006,2025-10-06T07:39:54.729602,3682
100,0.146639,-0.77,2.80,0.000001,2025-10-06T07:39:54.729602,121599
1,123608.58,-0.86,11.81,1.00,2025-10-06T08:28:35.677450,90
2,4543.43,-1.14,12.30,0.036752,2025-10-06T08:28:35.677450,80
3,2.98,-2.45,5.24,0.000024,2025-10-06T08:28:35.677450,58
4,1.00,0.00,-0.14,0.000008,2025-10-06T08:28:35.677450,518
5,1205.04,2.53,23.05,0.009748,2025-10-06T08:28:35.677450,2710
6,232.71,-1.41,12.40,0.001882,2025-10-06T08:28:35.677450,48543
7,0.999543,0.01,-0.01,0.000008,2025-10-06T08:28:35.677450,33285
8,4540.77,-1.13,12.22,0.036730,2025-10-06T08:28:35.677450,46971
9,0.255856,-3.01,10.02,0.000002,2025-10-06T08:28:35.677450,2
10,0.501800,4.79,53.69,0.000004,2025-10-06T08:28:35.677450,147945
11,0.344232,0.45,2.93,0.000003,2025-10-06T08:28:35.677450,2713
12,0.845357,-3.63,6.65,0.000007,2025-10-06T08:28:35.677450,257
13,48.59,-5.19,5.50,0.000393,2025-10-06T08:28:35.677450,148109
14,4903.01,-1.05,12.33,0.039661,2025-10-06T08:28:35.677450,96901
15,123624.82,-0.81,11.83,1.00,2025-10-06T08:28:35.677450,33422
16,4539.13,-0.98,12.37,0.036717,2025-10-06T08:28:35.677450,32610
17,21.96,-3.99,3.24,0.000178,2025-10-06T08:28:35.677450,2751
18,0.999822,-0.01,-0.09,0.000008,2025-10-06T08:28:35.677450,158405
19,3.64,-1.19,12.59,0.000029,2025-10-06T08:28:35.677450,93845
20,0.402819,-1.21,10.72,0.000003,2025-10-06T08:28:35.677450,89
21,30.38,-2.02,4.41,0.000246,2025-10-06T08:28:35.677450,44883
22,597.12,-1.00,8.31,0.004830,2025-10-06T08:28:35.677450,2321
23,0.220006,-2.41,2.97,0.000002,2025-10-06T08:28:35.677450,48555
24,119.85,-1.68,13.21,0.000969,2025-10-06T08:28:35.677450,1
25,0.000013,-1.85,6.05,1.02E-10,2025-10-06T08:28:35.677450,45088
26,2.83,-0.81,5.02,0.000023,2025-10-06T08:28:35.677450,54683
27,2.13,4.23,21.12,0.000017,2025-10-06T08:28:35.677450,121595
28,4.17,-3.88,6.63,0.000034,2025-10-06T08:28:35.677450,45219
29,1.20,0.29,0.04,0.000010,2025-10-06T08:28:35.677450,127063
30,317.99,-5.62,11.50,0.002572,2025-10-06T08:28:35.677450,28
31,1.00,0.07,0.07,0.000008,2025-10-06T08:28:35.677450,32417
32,8.22,-1.97,7.96,0.000067,2025-10-06T08:28:35.677450,47305
33,226.19,-0.19,18.28,0.001830,2025-10-06T08:28:35.677450,33531
34,289.01,-1.89,7.22,0.002338,2025-10-06T08:28:35.677450,46018
35,0.000010,-3.24,5.51,7.95E-11,2025-10-06T08:28:35.677450,93841
36,0.573694,-8.39,-2.86,0.000005,2025-10-06T08:28:35.677450,126763
37,5.60,1.63,8.71,0.000045,2025-10-06T08:28:35.677450,67117
38,5.33,-2.72,27.67,0.000043,2025-10-06T08:28:35.677450,111341
39,2.95,-6.27,7.91,0.000024,2025-10-06T08:28:35.677450,48563
40,6.71,-0.12,-3.97,0.000054,2025-10-06T08:28:35.677450,44863
41,321.17,-1.81,6.64,0.002598,2025-10-06T08:28:35.677450,121619
42,19.63,-2.73,7.12,0.000159,2025-10-06T08:28:35.677450,118
43,9.50,-3.25,5.05,0.000077,2025-10-06T08:28:35.677450,150883
44,250.60,-1.26,12.58,0.002027,2025-10-06T08:28:35.677450,144321
45,0.919504,-4.31,3.07,0.000007,2025-10-06T08:28:35.677450,121611
46,158.96,0.32,165.18,0.001286,2025-10-06T08:28:35.677450,134
47,1.26,-4.31,-2.74,0.000010,2025-10-06T08:28:35.677450,99329
48,4.51,-3.04,6.44,0.000037,2025-10-06T08:28:35.677450,47311
49,0.439692,-2.71,3.82,0.000004,2025-10-06T08:28:35.677450,93847
50,0.261365,-0.70,-3.40,0.000002,2025-10-06T08:28:35.677450,151099
51,0.076102,-1.64,-0.16,6.16E-7,2025-10-06T08:28:35.677450,70485
52,0.022906,-3.52,4.92,1.85E-7,2025-10-06T08:28:35.677450,2741
53,4.16,-2.53,0.98,0.000034,2025-10-06T08:28:35.677450,33830
54,0.030981,-7.87,8.43,2.51E-7,2025-10-06T08:28:35.677450,151101
55,0.207877,-1.79,9.74,0.000002,2025-10-06T08:28:35.677450,33819
56,0.219446,-3.98,6.95,0.000002,2025-10-06T08:28:35.677450,34406
57,3.52,-2.79,3.37,0.000029,2025-10-06T08:28:35.677450,135601
58,0.024135,-2.43,-5.74,1.95E-7,2025-10-06T08:28:35.677450,84965
59,0.291246,-3.66,4.32,0.000002,2025-10-06T08:28:35.677450,100427
60,0.999500,-0.04,0.01,0.000008,2025-10-06T08:28:35.677450,164809
61,2.35,-2.10,7.45,0.000019,2025-10-06T08:28:35.677450,32607
62,7.79,-1.76,2.40,0.000063,2025-10-06T08:28:35.677450,148111
63,0.000020,-6.01,3.30,1.61E-10,2025-10-06T08:28:35.677450,82537
64,1180.94,0.82,21.83,0.009553,2025-10-06T08:28:35.677450,46722
65,0.579190,-5.28,0.89,0.000005,2025-10-06T08:28:35.677450,33718
66,1678.24,-0.97,2.94,0.013575,2025-10-06T08:28:35.677450,12377
67,3948.07,1.54,4.98,0.031936,2025-10-06T08:28:35.677450,42855
68,1.57,-1.86,58.55,0.000013,2025-10-06T08:28:35.677450,136127
69,0.742130,-4.48,-3.68,0.000006,2025-10-06T08:28:35.677450,121593
70,16.05,0.30,6.28,0.000130,2025-10-06T08:28:35.677450,2750
71,0.999429,0.01,0.04,0.000008,2025-10-06T08:28:35.677450,111357
72,0.729191,-2.75,8.35,0.000006,2025-10-06T08:28:35.677450,70497
73,12.94,-0.95,8.90,0.000105,2025-10-06T08:28:35.677450,46183
74,103.64,-1.71,2.66,0.000838,2025-10-06T08:28:35.677450,33085
75,3.58,3.23,38.60,0.000029,2025-10-06T08:28:35.677450,45985
76,1.47,-5.06,4.15,0.000012,2025-10-06T08:28:35.677450,136105
77,3954.40,1.62,4.79,0.031987,2025-10-06T08:28:35.677450,42227
78,0.997880,-0.07,0.01,0.000008,2025-10-06T08:28:35.677450,100423
79,0.604573,-2.79,4.39,0.000005,2025-10-06T08:28:35.677450,48569
80,0.776584,-2.80,15.12,0.000006,2025-10-06T08:28:35.677450,48581
81,1.18,-4.24,7.42,0.000010,2025-10-06T08:28:35.677450,46981
82,0.276947,-3.65,13.71,0.000002,2025-10-06T08:28:35.677450,148191
83,1.15,-4.13,8.49,0.000009,2025-10-06T08:28:35.677450,122319
84,0.861300,-1.60,8.49,0.000007,2025-10-06T08:28:35.677450,65895
85,0.000100,-6.35,22.44,8.08E-10,2025-10-06T08:28:35.677450,51947
86,0.160559,-1.32,7.87,0.000001,2025-10-06T08:28:35.677450,111347
87,1.80,-4.30,12.84,0.000015,2025-10-06T08:28:35.677450,126771
88,0.149430,-2.03,-2.58,0.000001,2025-10-06T08:28:35.677450,141199
89,0.074553,-0.67,2.69,6.03E-7,2025-10-06T08:28:35.677450,32408
90,0.083566,-3.89,2.92,6.76E-7,2025-10-06T08:28:35.677450,48561
91,1.90,-0.87,-13.10,0.000015,2025-10-06T08:28:35.677450,121623
92,1.27,0.43,3.29,0.000010,2025-10-06T08:28:35.677450,32604
93,4.75,-3.15,1.10,0.000038,2025-10-06T08:28:35.677450,48839
94,0.284827,-27.16,-27.66,0.000002,2025-10-06T08:28:35.677450,33644
95,0.366115,-1.31,-4.62,0.000003,2025-10-06T08:28:35.677450,33536
96,21.45,-2.86,7.45,0.000173,2025-10-06T08:28:35.677450,56821
97,2.91,-3.69,9.76,0.000024,2025-10-06T08:28:35.677450,47371
98,0.189027,-2.51,16.11,0.000002,2025-10-06T08:28:35.677450,447
99,0.764329,-4.97,3.97,0.000006,2025-10-06T08:28:35.677450,121613
100,0.146211,-1.75,1.83,0.000001,2025-10-06T08:28:35.677450,121599
1,123847.39,-0.61,11.76,1.00,2025-10-06T09:07:24.027905,90
2,4561.92,-0.58,12.55,0.036835,2025-10-06T09:07:24.027905,80
3,2.99,-1.97,5.12,0.000024,2025-10-06T09:07:24.027905,58
4,1.00,0.07,-0.09,0.000008,2025-10-06T09:07:24.027905,518
5,1208.95,3.04,23.06,0.009762,2025-10-06T09:07:24.027905,2710
6,233.72,-0.65,12.94,0.001887,2025-10-06T09:07:24.027905,48543
7,0.999556,0.01,-0.01,0.000008,2025-10-06T09:07:24.027905,33285
8,4558.34,-0.58,12.52,0.036806,2025-10-06T09:07:24.027905,46971
9,0.257530,-2.54,10.51,0.000002,2025-10-06T09:07:24.027905,2
10,0.498626,2.92,52.55,0.000004,2025-10-06T09:07:24.027905,147945
11,0.343681,0.17,2.74,0.000003,2025-10-06T09:07:24.027905,2713
12,0.851867,-2.94,7.28,0.000007,2025-10-06T09:07:24.027905,257
13,48.76,-4.09,4.56,0.000394,2025-10-06T09:07:24.027905,148109
14,4921.39,-0.49,12.57,0.039737,2025-10-06T09:07:24.027905,96901
15,123816.23,-0.60,11.73,0.999744,2025-10-06T09:07:24.027905,33422
16,4541.73,-1.25,12.45,0.036672,2025-10-06T09:07:24.027905,32610
17,22.15,-2.91,4.21,0.000179,2025-10-06T09:07:24.027905,2751
18,0.999800,0.00,-0.10,0.000008,2025-10-06T09:07:24.027905,158405
19,3.65,-0.35,12.85,0.000029,2025-10-06T09:07:24.027905,93845
20,0.404288,-0.54,10.90,0.000003,2025-10-06T09:07:24.027905,89
21,30.40,-1.82,4.37,0.000245,2025-10-06T09:07:24.027905,44883
22,597.79,-0.69,7.99,0.004827,2025-10-06T09:07:24.027905,2321
23,0.221527,-1.52,3.62,0.000002,2025-10-06T09:07:24.027905,48555
24,120.23,-1.45,13.53,0.000971,2025-10-06T09:07:24.027905,1
25,0.000013,-1.34,6.42,1.02E-10,2025-10-06T09:07:24.027905,45088
26,2.84,-0.72,5.01,0.000023,2025-10-06T09:07:24.027905,54683
27,2.13,5.05,19.60,0.000017,2025-10-06T09:07:24.027905,121595
28,4.18,-3.21,6.31,0.000034,2025-10-06T09:07:24.027905,45219
29,1.20,0.31,0.02,0.000010,2025-10-06T09:07:24.027905,127063
30,316.53,-6.00,9.72,0.002556,2025-10-06T09:07:24.027905,28
31,0.999502,0.02,-0.01,0.000008,2025-10-06T09:07:24.027905,32417
32,8.25,-1.50,8.16,0.000067,2025-10-06T09:07:24.027905,47305
33,227.49,0.23,18.82,0.001837,2025-10-06T09:07:24.027905,33531
34,290.36,-1.49,7.27,0.002344,2025-10-06T09:07:24.027905,46018
35,0.000010,-2.11,6.39,8.00E-11,2025-10-06T09:07:24.027905,93841
36,0.574521,-8.21,-3.55,0.000005,2025-10-06T09:07:24.027905,126763
37,5.58,1.22,8.16,0.000045,2025-10-06T09:07:24.027905,67117
38,5.33,-2.69,27.44,0.000043,2025-10-06T09:07:24.027905,111341
39,2.95,-6.40,8.01,0.000024,2025-10-06T09:07:24.027905,48563
40,6.71,-0.12,-3.97,0.000054,2025-10-06T09:07:24.027905,44863
41,321.36,-1.45,6.43,0.002595,2025-10-06T09:07:24.027905,121619
42,19.67,-2.48,7.19,0.000159,2025-10-06T09:07:24.027905,118
43,9.54,-2.49,0.63,0.000077,2025-10-06T09:07:24.027905,150883
44,251.80,-0.63,13.22,0.002033,2025-10-06T09:07:24.027905,144321
45,0.922690,-3.82,3.33,0.000007,2025-10-06T09:07:24.027905,121611
46,162.98,3.00,173.01,0.001316,2025-10-06T09:07:24.027905,134
47,1.26,-3.66,-2.61,0.000010,2025-10-06T09:07:24.027905,99329
48,4.52,-3.17,6.32,0.000037,2025-10-06T09:07:24.027905,47311
49,0.441092,-2.42,3.81,0.000004,2025-10-06T09:07:24.027905,93847
50,0.261315,-0.79,-3.50,0.000002,2025-10-06T09:07:24.027905,151099
51,0.076567,-1.16,0.07,6.18E-7,2025-10-06T09:07:24.027905,70485
52,0.022952,-2.99,4.74,1.85E-7,2025-10-06T09:07:24.027905,2741
53,4.17,-2.57,0.93,0.000034,2025-10-06T09:07:24.027905,33830
54,0.031096,-8.30,9.03,2.51E-7,2025-10-06T09:07:24.027905,151101
55,0.221425,-3.00,7.79,0.000002,2025-10-06T09:07:24.027905,34406
56,0.208889,-1.21,9.81,0.000002,2025-10-06T09:07:24.027905,33819
57,3.54,-2.09,3.55,0.000029,2025-10-06T09:07:24.027905,135601
58,0.024277,-1.58,-6.28,1.96E-7,2025-10-06T09:07:24.027905,84965
59,0.291873,-3.34,4.63,0.000002,2025-10-06T09:07:24.027905,100427
60,0.999550,-0.03,0.03,0.000008,2025-10-06T09:07:24.027905,164809
61,2.35,-1.50,7.85,0.000019,2025-10-06T09:07:24.027905,32607
62,7.80,-1.45,2.51,0.000063,2025-10-06T09:07:24.027905,148111
63,1188.96,1.84,22.28,0.009600,2025-10-06T09:07:24.027905,46722
64,0.000020,-5.20,3.69,1.61E-10,2025-10-06T09:07:24.027905,82537
65,0.580409,-5.08,1.13,0.000005,2025-10-06T09:07:24.027905,33718
66,3944.55,1.42,4.93,0.031850,2025-10-06T09:07:24.027905,42855
67,1.58,-2.63,59.21,0.000013,2025-10-06T09:07:24.027905,136127
68,1640.41,-1.65,-2.74,0.013245,2025-10-06T09:07:24.027905,12377
69,0.746241,-3.53,-3.68,0.000006,2025-10-06T09:07:24.027905,121593
70,16.08,0.47,6.47,0.000130,2025-10-06T09:07:24.027905,2750
71,0.999416,-0.01,0.05,0.000008,2025-10-06T09:07:24.027905,111357
72,0.734276,-2.08,9.06,0.000006,2025-10-06T09:07:24.027905,70497
73,3.67,6.83,41.72,0.000030,2025-10-06T09:07:24.027905,45985
74,12.97,-0.71,8.95,0.000105,2025-10-06T09:07:24.027905,46183
75,103.51,-0.91,3.42,0.000836,2025-10-06T09:07:24.027905,33085
76,1.48,-4.70,4.60,0.000012,2025-10-06T09:07:24.027905,136105
77,3951.75,1.57,4.86,0.031908,2025-10-06T09:07:24.027905,42227
78,0.997784,-0.08,-0.01,0.000008,2025-10-06T09:07:24.027905,100423
79,0.606060,-2.44,4.63,0.000005,2025-10-06T09:07:24.027905,48569
80,0.778826,-2.31,15.22,0.000006,2025-10-06T09:07:24.027905,48581
81,1.19,-3.50,7.93,0.000010,2025-10-06T09:07:24.027905,46981
82,0.277665,-6.70,14.11,0.000002,2025-10-06T09:07:24.027905,148191
83,1.15,-3.89,9.00,0.000009,2025-10-06T09:07:24.027905,122319
84,0.865300,-1.06,8.07,0.000007,2025-10-06T09:07:24.027905,65895
85,0.000100,-4.96,22.80,8.09E-10,2025-10-06T09:07:24.027905,51947
86,0.161270,-0.03,8.15,0.000001,2025-10-06T09:07:24.027905,111347
87,1.81,-3.23,14.04,0.000015,2025-10-06T09:07:24.027905,126771
88,0.149488,-1.80,-2.47,0.000001,2025-10-06T09:07:24.027905,141199
89,0.074428,-0.69,2.43,6.01E-7,2025-10-06T09:07:24.027905,32408
90,0.083956,-3.10,3.14,6.78E-7,2025-10-06T09:07:24.027905,48561
91,0.299017,-23.53,-24.05,0.000002,2025-10-06T09:07:24.027905,33644
92,1.90,-0.63,-13.08,0.000015,2025-10-06T09:07:24.027905,121623
93,1.26,0.09,3.01,0.000010,2025-10-06T09:07:24.027905,32604
94,4.77,-3.03,1.24,0.000038,2025-10-06T09:07:24.027905,48839
95,0.366109,-1.31,-4.62,0.000003,2025-10-06T09:07:24.027905,33536
96,21.48,-2.42,7.38,0.000173,2025-10-06T09:07:24.027905,56821
97,2.92,-2.60,10.00,0.000024,2025-10-06T09:07:24.027905,47371
98,0.189734,-1.98,16.25,0.000002,2025-10-06T09:07:24.027905,447
99,0.768207,-4.14,4.63,0.000006,2025-10-06T09:07:24.027905,121613
100,0.712352,-4.66,6.27,0.000006,2025-10-06T09:07:24.027905,3682
1,124363.22,0.83,10.95,1.00,2025-10-06T11:34:51.959044,90
2,4588.42,0.90,11.20,0.036911,2025-10-06T11:34:51.959044,80
3,3.01,-0.37,5.04,0.000024,2025-10-06T11:34:51.959044,58
4,1.00,-0.04,-0.04,0.000008,2025-10-06T11:34:51.959044,518
5,1219.46,4.92,23.14,0.009810,2025-10-06T11:34:51.959044,2710
6,233.55,0.53,11.14,0.001879,2025-10-06T11:34:51.959044,48543
7,0.999533,-0.01,0.00,0.000008,2025-10-06T11:34:51.959044,33285
8,0.260841,0.82,10.33,0.000002,2025-10-06T11:34:51.959044,2
9,4581.68,0.83,11.07,0.036857,2025-10-06T11:34:51.959044,46971
10,0.507978,4.96,54.96,0.000004,2025-10-06T11:34:51.959044,147945
11,0.344421,0.64,2.67,0.000003,2025-10-06T11:34:51.959044,2713
12,0.853762,-1.06,5.74,0.000007,2025-10-06T11:34:51.959044,257
13,48.49,-1.18,3.25,0.000390,2025-10-06T11:34:51.959044,148109
14,4950.77,0.95,11.29,0.039826,2025-10-06T11:34:51.959044,96901
15,124276.21,0.90,10.88,0.999722,2025-10-06T11:34:51.959044,33422
16,4571.57,0.83,11.08,0.036775,2025-10-06T11:34:51.959044,32610
17,22.21,-1.72,2.63,0.000179,2025-10-06T11:34:51.959044,2751
18,0.999974,0.00,-0.09,0.000008,2025-10-06T11:34:51.959044,158405
19,3.63,0.76,10.84,0.000029,2025-10-06T11:34:51.959044,93845
20,30.59,1.12,1.73,0.000246,2025-10-06T11:34:51.959044,44883
21,0.404793,1.09,9.97,0.000003,2025-10-06T11:34:51.959044,89
22,600.05,-0.02,7.92,0.004827,2025-10-06T11:34:51.959044,2321
23,0.222094,0.71,2.79,0.000002,2025-10-06T11:34:51.959044,48555
24,120.33,0.13,12.54,0.000968,2025-10-06T11:34:51.959044,1
25,0.000013,-0.60,5.86,1.02E-10,2025-10-06T11:34:51.959044,45088
26,2.84,0.44,4.48,0.000023,2025-10-06T11:34:51.959044,54683
27,2.20,6.01,22.51,0.000018,2025-10-06T11:34:51.959044,121595
28,4.23,-0.42,6.01,0.000034,2025-10-06T11:34:51.959044,45219
29,318.08,-2.45,10.26,0.002559,2025-10-06T11:34:51.959044,28
30,0.999382,-0.03,-0.01,0.000008,2025-10-06T11:34:51.959044,32417
31,8.27,-0.20,6.80,0.000067,2025-10-06T11:34:51.959044,47305
32,228.08,2.87,18.08,0.001835,2025-10-06T11:34:51.959044,33531
33,291.63,0.87,6.09,0.002346,2025-10-06T11:34:51.959044,46018
34,0.000010,0.13,6.27,8.06E-11,2025-10-06T11:34:51.959044,93841
35,0.588277,-3.14,-1.80,0.000005,2025-10-06T11:34:51.959044,126763
36,5.59,2.19,8.09,0.000045,2025-10-06T11:34:51.959044,67117
37,2.99,-1.92,6.79,0.000024,2025-10-06T11:34:51.959044,48563
38,5.32,-3.25,25.68,0.000043,2025-10-06T11:34:51.959044,111341
39,6.71,-0.11,-0.13,0.000054,2025-10-06T11:34:51.959044,44863
40,324.86,0.98,5.92,0.002613,2025-10-06T11:34:51.959044,121619
41,19.78,-0.44,6.70,0.000159,2025-10-06T11:34:51.959044,118
42,9.53,-0.08,2.73,0.000077,2025-10-06T11:34:51.959044,150883
43,251.70,0.60,11.42,0.002025,2025-10-06T11:34:51.959044,144321
44,0.931941,-0.86,2.91,0.000007,2025-10-06T11:34:51.959044,121611
45,170.92,14.60,183.93,0.001375,2025-10-06T11:34:51.959044,134
46,1.27,-1.26,-4.52,0.000010,2025-10-06T11:34:51.959044,99329
47,4.56,-0.70,6.02,0.000037,2025-10-06T11:34:51.959044,47311
48,0.444341,0.20,3.38,0.000004,2025-10-06T11:34:51.959044,93847
49,0.260968,-0.31,-4.27,0.000002,2025-10-06T11:34:51.959044,151099
50,0.076137,0.55,-2.02,6.12E-7,2025-10-06T11:34:51.959044,70485
51,0.023192,-0.30,4.76,1.87E-7,2025-10-06T11:34:51.959044,2741
52,0.031416,-4.84,8.54,2.53E-7,2025-10-06T11:34:51.959044,151101
53,4.19,-0.62,0.27,0.000034,2025-10-06T11:34:51.959044,33830
54,0.222685,-0.49,7.04,0.000002,2025-10-06T11:34:51.959044,34406
55,0.209048,-0.28,7.58,0.000002,2025-10-06T11:34:51.959044,33819
56,3.56,0.14,3.12,0.000029,2025-10-06T11:34:51.959044,135601
57,0.295334,0.09,4.82,0.000002,2025-10-06T11:34:51.959044,100427
58,0.024374,-0.22,-7.53,1.96E-7,2025-10-06T11:34:51.959044,84965
59,0.999450,-0.04,0.01,0.000008,2025-10-06T11:34:51.959044,164809
60,2.36,-0.23,6.77,0.000019,2025-10-06T11:34:51.959044,32607
61,0.000020,-0.42,4.12,1.64E-10,2025-10-06T11:34:51.959044,82537
62,7.85,0.11,2.50,0.000063,2025-10-06T11:34:51.959044,148111
63,1192.56,3.59,22.66,0.009593,2025-10-06T11:34:51.959044,46722
64,1.63,1.26,62.86,0.000013,2025-10-06T11:34:51.959044,136127
65,0.580905,-3.37,-0.12,0.000005,2025-10-06T11:34:51.959044,33718
66,1680.44,1.18,-0.55,0.013518,2025-10-06T11:34:51.959044,12377
67,3940.96,1.25,4.55,0.031702,2025-10-06T11:34:51.959044,42855
68,0.748249,-0.83,-6.20,0.000006,2025-10-06T11:34:51.959044,121593
69,16.05,0.61,5.91,0.000129,2025-10-06T11:34:51.959044,2750
70,0.999519,0.01,0.04,0.000008,2025-10-06T11:34:51.959044,111357
71,0.742138,0.82,8.80,0.000006,2025-10-06T11:34:51.959044,70497
72,13.09,2.04,8.20,0.000105,2025-10-06T11:34:51.959044,46183
73,3.67,9.07,39.61,0.000029,2025-10-06T11:34:51.959044,45985
74,104.49,1.54,4.05,0.000841,2025-10-06T11:34:51.959044,33085
75,1.49,-2.00,3.98,0.000012,2025-10-06T11:34:51.959044,136105
76,0.998057,0.00,0.03,0.000008,2025-10-06T11:34:51.959044,100423
77,3947.74,1.34,4.53,0.031757,2025-10-06T11:34:51.959044,42227
78,1.24,4.91,11.43,0.000010,2025-10-06T11:34:51.959044,46981
79,0.610719,-0.54,3.98,0.000005,2025-10-06T11:34:51.959044,48569
80,0.784320,0.31,12.09,0.000006,2025-10-06T11:34:51.959044,48581
81,0.277664,-2.37,12.78,0.000002,2025-10-06T11:34:51.959044,148191
82,1.16,-0.86,7.68,0.000009,2025-10-06T11:34:51.959044,122319
83,0.868400,1.45,5.79,0.000007,2025-10-06T11:34:51.959044,65895
84,0.000100,-3.19,21.00,8.08E-10,2025-10-06T11:34:51.959044,51947
85,1.85,0.38,15.55,0.000015,2025-10-06T11:34:51.959044,126771
86,0.163015,2.14,7.78,0.000001,2025-10-06T11:34:51.959044,111347
87,0.075245,0.46,3.25,6.05E-7,2025-10-06T11:34:51.959044,32408
88,0.149973,-0.64,-2.94,0.000001,2025-10-06T11:34:51.959044,141199
89,0.084569,-0.57,2.33,6.80E-7,2025-10-06T11:34:51.959044,48561
90,1.91,-0.41,-12.19,0.000015,2025-10-06T11:34:51.959044,121623
91,4.86,1.12,1.63,0.000039,2025-10-06T11:34:51.959044,48839
92,1.27,1.08,2.44,0.000010,2025-10-06T11:34:51.959044,32604
93,0.288935,-57.14,-26.61,0.000002,2025-10-06T11:34:51.959044,33644
94,0.366126,-2.41,-4.62,0.000003,2025-10-06T11:34:51.959044,33536
95,21.50,-0.57,5.90,0.000173,2025-10-06T11:34:51.959044,56821
96,2.93,-0.21,8.53,0.000024,2025-10-06T11:34:51.959044,47371
97,0.778633,-0.43,4.46,0.000006,2025-10-06T11:34:51.959044,121613
98,0.192267,1.14,17.01,0.000002,2025-10-06T11:34:51.959044,447
99,0.148257,1.02,1.91,0.000001,2025-10-06T11:34:51.959044,121599
100,0.714568,-2.26,5.99,0.000006,2025-10-06T11:34:51.959044,3682
1,124265.26,0.75,10.72,1.00,2025-10-06T11:48:40.014574,90
2,4577.40,0.60,10.58,0.036841,2025-10-06T11:48:40.014574,80
3,3.00,-0.63,4.73,0.000024,2025-10-06T11:48:40.014574,58
4,1.00,-0.10,-0.16,0.000008,2025-10-06T11:48:40.014574,518
5,1219.15,4.75,22.73,0.009812,2025-10-06T11:48:40.014574,2710
6,233.23,0.42,10.75,0.001877,2025-10-06T11:48:40.014574,48543
7,0.999538,-0.01,0.00,0.000008,2025-10-06T11:48:40.014574,33285
8,0.261015,1.03,10.03,0.000002,2025-10-06T11:48:40.014574,2
9,4574.85,0.72,10.57,0.036820,2025-10-06T11:48:40.014574,46971
10,0.503200,4.38,53.20,0.000004,2025-10-06T11:48:40.014574,147945
11,0.343770,0.46,2.34,0.000003,2025-10-06T11:48:40.014574,2713
12,0.852378,-1.05,5.48,0.000007,2025-10-06T11:48:40.014574,257
13,48.38,-1.70,2.36,0.000389,2025-10-06T11:48:40.014574,148109
14,4940.31,0.69,10.67,0.039761,2025-10-06T11:48:40.014574,96901
15,124223.17,0.81,10.70,0.999794,2025-10-06T11:48:40.014574,33422
16,4562.51,0.61,10.86,0.036721,2025-10-06T11:48:40.014574,32610
17,22.14,-2.23,2.13,0.000178,2025-10-06T11:48:40.014574,2751
18,0.999765,-0.02,-0.11,0.000008,2025-10-06T11:48:40.014574,158405
19,3.62,0.38,10.53,0.000029,2025-10-06T11:48:40.014574,93845
20,0.404696,1.09,9.94,0.000003,2025-10-06T11:48:40.014574,89
21,30.52,0.83,1.57,0.000246,2025-10-06T11:48:40.014574,44883
22,600.23,-0.05,7.89,0.004831,2025-10-06T11:48:40.014574,2321
23,0.223017,1.20,3.13,0.000002,2025-10-06T11:48:40.014574,48555
24,120.08,-0.06,12.33,0.000966,2025-10-06T11:48:40.014574,1
25,0.000013,-0.43,5.55,1.02E-10,2025-10-06T11:48:40.014574,45088
26,2.24,8.10,25.16,0.000018,2025-10-06T11:48:40.014574,121595
27,2.84,0.36,4.22,0.000023,2025-10-06T11:48:40.014574,54683
28,4.22,-0.56,5.47,0.000034,2025-10-06T11:48:40.014574,45219
29,318.38,-1.64,10.50,0.002562,2025-10-06T11:48:40.014574,28
30,0.999396,0.00,-0.02,0.000008,2025-10-06T11:48:40.014574,32417
31,8.24,-0.66,6.22,0.000066,2025-10-06T11:48:40.014574,47305
32,227.65,2.29,17.71,0.001832,2025-10-06T11:48:40.014574,33531
33,291.36,0.77,5.85,0.002345,2025-10-06T11:48:40.014574,46018
34,0.000010,0.00,5.85,8.04E-11,2025-10-06T11:48:40.014574,93841
35,0.585558,-3.74,-2.69,0.000005,2025-10-06T11:48:40.014574,126763
36,5.59,2.15,7.79,0.000045,2025-10-06T11:48:40.014574,67117
37,2.98,-2.39,6.45,0.000024,2025-10-06T11:48:40.014574,48563
38,5.31,-3.69,25.40,0.000043,2025-10-06T11:48:40.014574,111341
39,6.71,-0.12,-0.14,0.000054,2025-10-06T11:48:40.014574,44863
40,324.71,0.90,5.60,0.002613,2025-10-06T11:48:40.014574,121619
41,19.75,-0.47,6.46,0.000159,2025-10-06T11:48:40.014574,118
42,9.53,0.16,2.73,0.000077,2025-10-06T11:48:40.014574,150883
43,251.30,0.48,11.00,0.002023,2025-10-06T11:48:40.014574,144321
44,0.929874,-1.04,2.55,0.000007,2025-10-06T11:48:40.014574,121611
45,169.16,15.75,178.58,0.001361,2025-10-06T11:48:40.014574,134
46,1.26,-1.61,-5.01,0.000010,2025-10-06T11:48:40.014574,99329
47,4.56,-1.08,6.10,0.000037,2025-10-06T11:48:40.014574,47311
48,0.443020,-0.07,2.86,0.000004,2025-10-06T11:48:40.014574,93847
49,0.260604,-0.47,-4.44,0.000002,2025-10-06T11:48:40.014574,151099
50,0.076046,0.37,-2.22,6.12E-7,2025-10-06T11:48:40.014574,70485
51,0.023174,-0.33,4.80,1.87E-7,2025-10-06T11:48:40.014574,2741
52,0.031328,-4.92,7.62,2.52E-7,2025-10-06T11:48:40.014574,151101
53,4.18,-0.91,-0.03,0.000034,2025-10-06T11:48:40.014574,33830
54,0.222168,-0.68,6.71,0.000002,2025-10-06T11:48:40.014574,34406
55,0.208443,-0.68,7.18,0.000002,2025-10-06T11:48:40.014574,33819
56,3.55,-0.13,2.82,0.000029,2025-10-06T11:48:40.014574,135601
57,0.295015,0.16,4.50,0.000002,2025-10-06T11:48:40.014574,100427
58,0.024347,-0.35,-7.59,1.96E-7,2025-10-06T11:48:40.014574,84965
59,0.999500,-0.05,0.02,0.000008,2025-10-06T11:48:40.014574,164809
60,2.36,-0.39,6.37,0.000019,2025-10-06T11:48:40.014574,32607
61,0.000020,-0.33,3.89,1.64E-10,2025-10-06T11:48:40.014574,82537
62,7.83,-0.06,2.28,0.000063,2025-10-06T11:48:40.014574,148111
63,1193.22,3.39,22.45,0.009603,2025-10-06T11:48:40.014574,46722
64,0.579542,-3.62,-0.25,0.000005,2025-10-06T11:48:40.014574,33718
65,1.61,0.96,60.82,0.000013,2025-10-06T11:48:40.014574,136127
66,1679.50,-1.01,-0.68,0.013517,2025-10-06T11:48:40.014574,12377
67,3939.23,1.22,4.49,0.031704,2025-10-06T11:48:40.014574,42855
68,0.747336,-1.27,-6.15,0.000006,2025-10-06T11:48:40.014574,121593
69,16.04,0.44,5.82,0.000129,2025-10-06T11:48:40.014574,2750
70,0.999569,0.02,0.06,0.000008,2025-10-06T11:48:40.014574,111357
71,0.740594,0.67,8.38,0.000006,2025-10-06T11:48:40.014574,70497
72,13.06,1.81,7.79,0.000105,2025-10-06T11:48:40.014574,46183
73,3.65,8.79,38.96,0.000029,2025-10-06T11:48:40.014574,45985
74,104.34,1.31,3.92,0.000840,2025-10-06T11:48:40.014574,33085
75,1.49,-2.13,3.74,0.000012,2025-10-06T11:48:40.014574,136105
76,0.997755,-0.05,-0.02,0.000008,2025-10-06T11:48:40.014574,100423
77,3946.20,1.29,4.45,0.031760,2025-10-06T11:48:40.014574,42227
78,1.23,3.73,10.02,0.000010,2025-10-06T11:48:40.014574,46981
79,0.609935,-0.57,3.77,0.000005,2025-10-06T11:48:40.014574,48569
80,0.782484,0.16,11.29,0.000006,2025-10-06T11:48:40.014574,48581
81,0.276687,-2.58,12.29,0.000002,2025-10-06T11:48:40.014574,148191
82,1.16,-1.15,6.26,0.000009,2025-10-06T11:48:40.014574,122319
83,0.868400,1.63,6.25,0.000007,2025-10-06T11:48:40.014574,65895
84,0.000100,-3.47,20.55,8.06E-10,2025-10-06T11:48:40.014574,51947
85,1.85,0.44,15.08,0.000015,2025-10-06T11:48:40.014574,126771
86,0.162807,1.94,7.34,0.000001,2025-10-06T11:48:40.014574,111347
87,0.075275,0.52,3.14,6.06E-7,2025-10-06T11:48:40.014574,32408
88,0.149907,-0.79,-3.15,0.000001,2025-10-06T11:48:40.014574,141199
89,0.084312,-0.97,1.93,6.79E-7,2025-10-06T11:48:40.014574,48561
90,1.92,-0.77,-11.88,0.000015,2025-10-06T11:48:40.014574,121623
91,4.84,1.12,0.60,0.000039,2025-10-06T11:48:40.014574,48839
92,1.27,0.65,2.09,0.000010,2025-10-06T11:48:40.014574,32604
93,0.288389,-26.24,-26.75,0.000002,2025-10-06T11:48:40.014574,33644
94,0.366107,-1.32,-4.62,0.000003,2025-10-06T11:48:40.014574,33536
95,21.48,-0.57,5.66,0.000173,2025-10-06T11:48:40.014574,56821
96,2.92,-0.41,8.22,0.000024,2025-10-06T11:48:40.014574,47371
97,0.191683,0.50,16.55,0.000002,2025-10-06T11:48:40.014574,447
98,0.775473,-0.79,3.83,0.000006,2025-10-06T11:48:40.014574,121613
99,0.148038,0.84,1.57,0.000001,2025-10-06T11:48:40.014574,121599
100,0.712885,-2.37,5.49,0.000006,2025-10-06T11:48:40.014574,3682
1,123891.92,-0.04,8.68,1.00,2025-10-07T07:16:54.894993,90
2,4676.12,2.33,12.08,0.037745,2025-10-07T07:16:54.894993,80
3,2.97,-0.72,3.11,0.000024,2025-10-07T07:16:54.894993,58
4,1246.73,3.25,22.32,0.010063,2025-10-07T07:16:54.894993,2710
5,1.00,-0.02,-0.14,0.000008,2025-10-07T07:16:54.894993,518
6,230.64,-1.34,9.01,0.001862,2025-10-07T07:16:54.894993,48543
7,0.999365,-0.01,0.00,0.000008,2025-10-07T07:16:54.894993,33285
8,0.812900,62.34,144.41,0.000007,2025-10-07T07:16:54.894993,147945
9,4672.83,2.38,11.99,0.037718,2025-10-07T07:16:54.894993,46971
10,0.260905,1.52,11.63,0.000002,2025-10-07T07:16:54.894993,2
11,0.344594,0.36,2.35,0.000003,2025-10-07T07:16:54.894993,2713
12,0.857855,1.27,7.06,0.000007,2025-10-07T07:16:54.894993,257
13,5044.08,2.30,12.13,0.040715,2025-10-07T07:16:54.894993,96901
14,4683.54,3.16,12.60,0.037805,2025-10-07T07:16:54.894993,32610
15,124024.96,0.11,8.73,1.00,2025-10-07T07:16:54.894993,33422
16,23.04,4.50,6.62,0.000186,2025-10-07T07:16:54.894993,2751
17,46.04,-5.55,0.50,0.000372,2025-10-07T07:16:54.894993,148109
18,0.999850,0.00,-0.07,0.000008,2025-10-07T07:16:54.894993,158405
19,0.402752,-0.53,8.99,0.000003,2025-10-07T07:16:54.894993,89
20,3.60,-1.22,9.72,0.000029,2025-10-07T07:16:54.894993,93845
21,30.17,-0.53,-0.87,0.000243,2025-10-07T07:16:54.894993,44883
22,594.45,-0.87,6.25,0.004798,2025-10-07T07:16:54.894993,2321
23,0.226761,2.96,5.33,0.000002,2025-10-07T07:16:54.894993,48555
24,118.00,-2.08,11.25,0.000952,2025-10-07T07:16:54.894993,1
25,0.000013,0.46,6.73,1.03E-10,2025-10-07T07:16:54.894993,45088
26,2.27,5.42,20.34,0.000018,2025-10-07T07:16:54.894993,121595
27,2.85,0.83,6.16,0.000023,2025-10-07T07:16:54.894993,54683
28,4.31,2.94,8.81,0.000035,2025-10-07T07:16:54.894993,45219
29,317.31,0.24,11.21,0.002561,2025-10-07T07:16:54.894993,28
30,0.999623,-0.02,0.01,0.000008,2025-10-07T07:16:54.894993,32417
31,8.10,-1.74,5.57,0.000065,2025-10-07T07:16:54.894993,47305
32,227.31,0.45,19.81,0.001835,2025-10-07T07:16:54.894993,33531
33,292.37,0.50,6.26,0.002360,2025-10-07T07:16:54.894993,46018
34,0.000010,1.01,7.56,8.06E-11,2025-10-07T07:16:54.894993,93841
35,0.593645,2.98,5.71,0.000005,2025-10-07T07:16:54.894993,126763
36,5.70,0.83,7.77,0.000046,2025-10-07T07:16:54.894993,67117
37,5.36,-0.42,25.81,0.000043,2025-10-07T07:16:54.894993,111341
38,3.00,1.12,8.85,0.000024,2025-10-07T07:16:54.894993,48563
39,6.71,0.00,-0.06,0.000054,2025-10-07T07:16:54.894993,44863
40,348.97,8.94,13.42,0.002817,2025-10-07T07:16:54.894993,121619
41,9.83,3.48,11.50,0.000079,2025-10-07T07:16:54.894993,150883
42,19.79,0.22,7.37,0.000160,2025-10-07T07:16:54.894993,118
43,0.950817,2.55,6.78,0.000008,2025-10-07T07:16:54.894993,121611
44,247.90,-1.47,9.06,0.002001,2025-10-07T07:16:54.894993,144321
45,1.31,3.16,2.23,0.000011,2025-10-07T07:16:54.894993,99329
46,4.55,0.19,7.84,0.000037,2025-10-07T07:16:54.894993,47311
47,0.452209,2.36,8.87,0.000004,2025-10-07T07:16:54.894993,93847
48,144.62,-9.08,113.24,0.001167,2025-10-07T07:16:54.894993,134
49,0.265722,1.55,-0.88,0.000002,2025-10-07T07:16:54.894993,151099
50,0.078021,1.55,1.71,6.30E-7,2025-10-07T07:16:54.894993,70485
51,0.032518,4.17,15.77,2.62E-7,2025-10-07T07:16:54.894993,151101
52,0.023280,0.98,6.30,1.88E-7,2025-10-07T07:16:54.894993,2741
53,0.226019,2.42,8.83,0.000002,2025-10-07T07:16:54.894993,34406
54,4.22,0.98,2.85,0.000034,2025-10-07T07:16:54.894993,33830
55,0.207622,-0.62,7.54,0.000002,2025-10-07T07:16:54.894993,33819
56,3.54,-0.39,3.81,0.000029,2025-10-07T07:16:54.894993,135601
57,0.298815,1.96,6.80,0.000002,2025-10-07T07:16:54.894993,100427
58,0.024151,-0.90,-7.33,1.95E-7,2025-10-07T07:16:54.894993,84965
59,0.999650,0.02,0.04,0.000008,2025-10-07T07:16:54.894993,164809
60,2.38,1.00,8.67,0.000019,2025-10-07T07:16:54.894993,32607
61,0.000021,4.18,9.02,1.68E-10,2025-10-07T07:16:54.894993,82537
62,1222.36,2.49,21.27,0.009867,2025-10-07T07:16:54.894993,46722
63,7.86,0.78,3.70,0.000063,2025-10-07T07:16:54.894993,148111
64,1688.43,0.28,1.07,0.013629,2025-10-07T07:16:54.894993,12377
65,0.575926,-0.94,0.79,0.000005,2025-10-07T07:16:54.894993,33718
66,3955.69,0.50,3.42,0.031930,2025-10-07T07:16:54.894993,42855
67,0.739436,-1.90,-2.76,0.000006,2025-10-07T07:16:54.894993,121593
68,16.15,0.67,5.36,0.000130,2025-10-07T07:16:54.894993,2750
69,1.53,-5.01,52.57,0.000012,2025-10-07T07:16:54.894993,136127
70,0.999133,-0.03,-0.01,0.000008,2025-10-07T07:16:54.894993,111357
71,3.92,4.18,51.80,0.000032,2025-10-07T07:16:54.894993,45985
72,0.741961,0.92,11.00,0.000006,2025-10-07T07:16:54.894993,70497
73,105.77,1.86,1.15,0.000854,2025-10-07T07:16:54.894993,33085
74,12.90,-1.36,7.39,0.000104,2025-10-07T07:16:54.894993,46183
75,1.52,2.30,7.86,0.000012,2025-10-07T07:16:54.894993,136105
76,0.650141,6.56,11.80,0.000005,2025-10-07T07:16:54.894993,48569
77,3965.10,0.59,3.32,0.032006,2025-10-07T07:16:54.894993,42227
78,0.997806,0.00,-0.01,0.000008,2025-10-07T07:16:54.894993,100423
79,0.300515,7.78,22.91,0.000002,2025-10-07T07:16:54.894993,148191
80,1.24,4.78,10.35,0.000010,2025-10-07T07:16:54.894993,46981
81,0.770603,-1.80,12.26,0.000006,2025-10-07T07:16:54.894993,48581
82,1.16,-0.05,10.61,0.000009,2025-10-07T07:16:54.894993,122319
83,0.875400,0.91,9.63,0.000007,2025-10-07T07:16:54.894993,65895
84,0.000101,-0.13,23.80,8.19E-10,2025-10-07T07:16:54.894993,51947
85,0.162806,0.37,10.47,0.000001,2025-10-07T07:16:54.894993,111347
86,1.81,-0.17,21.92,0.000015,2025-10-07T07:16:54.894993,126771
87,0.150474,0.39,-1.41,0.000001,2025-10-07T07:16:54.894993,141199
88,0.074975,0.83,3.58,6.05E-7,2025-10-07T07:16:54.894993,32408
89,0.323538,7.64,-17.84,0.000003,2025-10-07T07:16:54.894993,33644
90,0.085201,1.38,4.30,6.88E-7,2025-10-07T07:16:54.894993,48561
91,5.04,5.41,7.16,0.000041,2025-10-07T07:16:54.894993,48839
92,1.27,-0.12,1.12,0.000010,2025-10-07T07:16:54.894993,32604
93,1.86,-2.50,-8.93,0.000015,2025-10-07T07:16:54.894993,121623
94,21.60,0.35,7.59,0.000174,2025-10-07T07:16:54.894993,56821
95,0.366100,0.00,-4.67,0.000003,2025-10-07T07:16:54.894993,33536
96,2.94,0.40,11.08,0.000024,2025-10-07T07:16:54.894993,47371
97,0.785620,1.86,8.88,0.000006,2025-10-07T07:16:54.894993,121613
98,0.188813,-0.51,15.80,0.000002,2025-10-07T07:16:54.894993,447
99,0.148487,1.22,3.47,0.000001,2025-10-07T07:16:54.894993,121599
100,0.761852,1.91,10.25,0.000006,2025-10-07T07:16:54.894993,32360
1,124062.16,0.13,8.67,1.00,2025-10-07T09:29:46.163237,90
2,4674.04,2.37,10.65,0.037677,2025-10-07T09:29:46.163237,80
3,2.97,-0.64,2.43,0.000024,2025-10-07T09:29:46.163237,58
4,1275.63,5.11,24.17,0.010283,2025-10-07T09:29:46.163237,2710
5,1.00,-0.07,-0.05,0.000008,2025-10-07T09:29:46.163237,518
6,230.00,-1.41,7.43,0.001854,2025-10-07T09:29:46.163237,48543
7,0.999257,-0.02,0.00,0.000008,2025-10-07T09:29:46.163237,33285
8,0.800389,60.85,128.97,0.000006,2025-10-07T09:29:46.163237,147945
9,4667.05,2.32,10.50,0.037621,2025-10-07T09:29:46.163237,46971
10,0.260280,0.75,9.39,0.000002,2025-10-07T09:29:46.163237,2
11,0.345068,0.41,2.56,0.000003,2025-10-07T09:29:46.163237,2713
12,0.855707,0.59,5.18,0.000007,2025-10-07T09:29:46.163237,257
13,5039.97,2.31,10.71,0.040627,2025-10-07T09:29:46.163237,96901
14,124080.67,0.15,8.61,1.00,2025-10-07T09:29:46.163237,33422
15,4668.41,2.29,10.46,0.037632,2025-10-07T09:29:46.163237,32610
16,46.10,-5.44,-1.20,0.000372,2025-10-07T09:29:46.163237,148109
17,22.69,2.47,3.85,0.000183,2025-10-07T09:29:46.163237,2751
18,0.999681,-0.01,-0.11,0.000008,2025-10-07T09:29:46.163237,158405
19,3.60,-1.44,8.70,0.000029,2025-10-07T09:29:46.163237,93845
20,0.401535,-0.60,7.20,0.000003,2025-10-07T09:29:46.163237,89
21,29.79,-2.67,-2.91,0.000240,2025-10-07T09:29:46.163237,44883
22,595.28,-0.48,5.90,0.004799,2025-10-07T09:29:46.163237,2321
23,0.224692,1.25,2.69,0.000002,2025-10-07T09:29:46.163237,48555
24,118.33,-1.90,10.50,0.000954,2025-10-07T09:29:46.163237,1
25,2.31,7.76,19.84,0.000019,2025-10-07T09:29:46.163237,121595
26,0.000013,-0.08,5.26,1.02E-10,2025-10-07T09:29:46.163237,45088
27,2.84,0.35,4.70,0.000023,2025-10-07T09:29:46.163237,54683
28,4.31,2.66,7.37,0.000035,2025-10-07T09:29:46.163237,45219
29,318.21,0.37,9.88,0.002565,2025-10-07T09:29:46.163237,28
30,0.999533,-0.02,0.01,0.000008,2025-10-07T09:29:46.163237,32417
31,8.08,-2.14,3.28,0.000065,2025-10-07T09:29:46.163237,47305
32,226.95,0.33,19.13,0.001829,2025-10-07T09:29:46.163237,33531
33,290.00,0.06,3.59,0.002338,2025-10-07T09:29:46.163237,46018
34,0.000010,0.22,4.73,8.01E-11,2025-10-07T09:29:46.163237,93841
35,0.586324,0.05,2.34,0.000005,2025-10-07T09:29:46.163237,126763
36,5.72,3.13,8.17,0.000046,2025-10-07T09:29:46.163237,67117
37,5.36,0.22,23.82,0.000043,2025-10-07T09:29:46.163237,111341
38,3.00,1.53,6.72,0.000024,2025-10-07T09:29:46.163237,48563
39,6.71,0.01,-0.05,0.000054,2025-10-07T09:29:46.163237,44863
40,344.89,6.92,10.78,0.002780,2025-10-07T09:29:46.163237,121619
41,9.89,3.66,12.69,0.000080,2025-10-07T09:29:46.163237,150883
42,19.64,-0.18,5.01,0.000158,2025-10-07T09:29:46.163237,118
43,0.943199,2.27,4.26,0.000008,2025-10-07T09:29:46.163237,121611
44,247.00,-1.67,7.30,0.001991,2025-10-07T09:29:46.163237,144321
45,1.27,0.63,-3.35,0.000010,2025-10-07T09:29:46.163237,99329
46,4.52,-0.34,5.44,0.000036,2025-10-07T09:29:46.163237,47311
47,0.449136,1.88,6.19,0.000004,2025-10-07T09:29:46.163237,93847
48,148.63,-9.43,115.64,0.001198,2025-10-07T09:29:46.163237,134
49,0.263836,1.03,-2.73,0.000002,2025-10-07T09:29:46.163237,151099
50,0.077700,1.67,-0.21,6.26E-7,2025-10-07T09:29:46.163237,70485
51,0.032404,4.03,12.79,2.61E-7,2025-10-07T09:29:46.163237,151101
52,0.023249,1.03,3.99,1.87E-7,2025-10-07T09:29:46.163237,2741
53,0.225535,1.48,7.41,0.000002,2025-10-07T09:29:46.163237,34406
54,4.21,0.89,1.23,0.000034,2025-10-07T09:29:46.163237,33830
55,0.205509,-1.54,6.14,0.000002,2025-10-07T09:29:46.163237,33819
56,0.297783,2.04,5.20,0.000002,2025-10-07T09:29:46.163237,100427
57,3.52,-0.66,1.70,0.000028,2025-10-07T09:29:46.163237,135601
58,0.024196,-0.30,-6.95,1.95E-7,2025-10-07T09:29:46.163237,84965
59,1.00,0.07,0.08,0.000008,2025-10-07T09:29:46.163237,164809
60,2.39,1.30,6.99,0.000019,2025-10-07T09:29:46.163237,32607
61,1234.71,3.90,22.37,0.009953,2025-10-07T09:29:46.163237,46722
62,0.000021,3.21,4.14,1.66E-10,2025-10-07T09:29:46.163237,82537
63,7.84,0.17,2.52,0.000063,2025-10-07T09:29:46.163237,148111
64,0.576108,-0.79,-0.73,0.000005,2025-10-07T09:29:46.163237,33718
65,3964.02,0.52,3.29,0.031954,2025-10-07T09:29:46.163237,42855
66,1664.90,-1.09,4.13,0.013421,2025-10-07T09:29:46.163237,12377
67,0.736425,-1.04,-3.26,0.000006,2025-10-07T09:29:46.163237,121593
68,16.09,0.53,4.93,0.000130,2025-10-07T09:29:46.163237,2750
69,1.49,-6.65,44.70,0.000012,2025-10-07T09:29:46.163237,136127
70,0.999042,-0.05,-0.02,0.000008,2025-10-07T09:29:46.163237,111357
71,3.99,9.45,53.37,0.000032,2025-10-07T09:29:46.163237,45985
72,0.737842,0.45,8.06,0.000006,2025-10-07T09:29:46.163237,70497
73,104.48,0.89,0.03,0.000842,2025-10-07T09:29:46.163237,33085
74,12.81,-1.52,4.84,0.000103,2025-10-07T09:29:46.163237,46183
75,1.51,1.81,5.70,0.000012,2025-10-07T09:29:46.163237,136105
76,3972.66,0.55,3.11,0.032024,2025-10-07T09:29:46.163237,42227
77,0.639475,5.32,8.38,0.000005,2025-10-07T09:29:46.163237,48569
78,0.998417,0.05,0.03,0.000008,2025-10-07T09:29:46.163237,100423
79,0.298441,7.47,20.33,0.000002,2025-10-07T09:29:46.163237,148191
80,1.23,3.28,6.10,0.000010,2025-10-07T09:29:46.163237,46981
81,0.770203,-1.37,11.42,0.000006,2025-10-07T09:29:46.163237,48581
82,1.16,0.50,9.47,0.000009,2025-10-07T09:29:46.163237,122319
83,0.870100,0.16,7.02,0.000007,2025-10-07T09:29:46.163237,65895
84,0.000102,1.02,21.54,8.20E-10,2025-10-07T09:29:46.163237,51947
85,0.163755,1.51,9.43,0.000001,2025-10-07T09:29:46.163237,111347
86,1.82,-1.69,20.63,0.000015,2025-10-07T09:29:46.163237,126771
87,0.075120,-0.28,3.75,6.06E-7,2025-10-07T09:29:46.163237,32408
88,0.149039,-0.39,-3.04,0.000001,2025-10-07T09:29:46.163237,141199
89,0.323287,8.09,-17.90,0.000003,2025-10-07T09:29:46.163237,33644
90,0.084468,0.62,1.92,6.81E-7,2025-10-07T09:29:46.163237,48561
91,5.05,5.39,5.68,0.000041,2025-10-07T09:29:46.163237,48839
92,1.88,-0.96,-7.95,0.000015,2025-10-07T09:29:46.163237,121623
93,1.27,-0.15,0.28,0.000010,2025-10-07T09:29:46.163237,32604
94,21.62,0.37,5.48,0.000174,2025-10-07T09:29:46.163237,56821
95,0.366135,0.00,-2.33,0.000003,2025-10-07T09:29:46.163237,33536
96,2.92,0.14,8.18,0.000024,2025-10-07T09:29:46.163237,47371
97,0.774063,0.81,5.23,0.000006,2025-10-07T09:29:46.163237,121613
98,0.189103,-0.79,13.97,0.000002,2025-10-07T09:29:46.163237,447
99,0.147985,0.81,1.23,0.000001,2025-10-07T09:29:46.163237,121599
100,0.758717,1.52,8.00,0.000006,2025-10-07T09:29:46.163237,32360
1,124273.37,0.15,8.93,1.00,2025-10-07T10:33:06.406219,90
2,4687.66,2.68,11.09,0.037721,2025-10-07T10:33:06.406219,80
3,1281.14,5.14,24.00,0.010309,2025-10-07T10:33:06.406219,2710
4,2.97,-0.60,3.04,0.000024,2025-10-07T10:33:06.406219,58
5,1.00,-0.01,0.01,0.000008,2025-10-07T10:33:06.406219,518
6,230.95,-0.81,8.15,0.001858,2025-10-07T10:33:06.406219,48543
7,0.999189,-0.03,0.00,0.000008,2025-10-07T10:33:06.406219,33285
8,0.783300,55.97,121.01,0.000006,2025-10-07T10:33:06.406219,147945
9,4681.32,2.59,10.97,0.037670,2025-10-07T10:33:06.406219,46971
10,0.260566,0.95,10.34,0.000002,2025-10-07T10:33:06.406219,2
11,0.344657,0.16,2.34,0.000003,2025-10-07T10:33:06.406219,2713
12,0.856392,0.66,5.82,0.000007,2025-10-07T10:33:06.406219,257
13,5056.79,2.66,11.07,0.040691,2025-10-07T10:33:06.406219,96901
14,124354.21,0.25,8.93,1.00,2025-10-07T10:33:06.406219,33422
15,4679.52,2.36,10.71,0.037656,2025-10-07T10:33:06.406219,32610
16,46.23,-4.87,-0.57,0.000372,2025-10-07T10:33:06.406219,148109
17,22.68,2.47,4.00,0.000183,2025-10-07T10:33:06.406219,2751
18,0.999743,-0.02,-0.13,0.000008,2025-10-07T10:33:06.406219,158405
19,3.59,-1.14,9.03,0.000029,2025-10-07T10:33:06.406219,93845
20,0.400186,-0.80,7.45,0.000003,2025-10-07T10:33:06.406219,89
21,29.77,-2.18,-2.53,0.000240,2025-10-07T10:33:06.406219,44883
22,594.94,-0.60,5.93,0.004787,2025-10-07T10:33:06.406219,2321
23,0.224674,1.55,3.23,0.000002,2025-10-07T10:33:06.406219,48555
24,117.91,-2.05,10.34,0.000949,2025-10-07T10:33:06.406219,1
25,2.34,8.91,20.99,0.000019,2025-10-07T10:33:06.406219,121595
26,0.000013,-0.12,5.48,1.02E-10,2025-10-07T10:33:06.406219,45088
27,2.83,-0.38,4.45,0.000023,2025-10-07T10:33:06.406219,54683
28,4.31,2.41,7.83,0.000035,2025-10-07T10:33:06.406219,45219
29,319.99,1.14,9.78,0.002575,2025-10-07T10:33:06.406219,28
30,0.999467,0.01,0.01,0.000008,2025-10-07T10:33:06.406219,32417
31,8.10,-1.97,3.99,0.000065,2025-10-07T10:33:06.406219,47305
32,228.69,0.83,20.14,0.001840,2025-10-07T10:33:06.406219,33531
33,290.27,-0.01,4.35,0.002336,2025-10-07T10:33:06.406219,46018
34,0.000010,-0.18,5.07,8.00E-11,2025-10-07T10:33:06.406219,93841
35,0.588578,0.66,3.81,0.000005,2025-10-07T10:33:06.406219,126763
36,5.72,2.94,7.87,0.000046,2025-10-07T10:33:06.406219,67117
37,5.42,2.44,25.81,0.000044,2025-10-07T10:33:06.406219,111341
38,3.00,1.35,7.53,0.000024,2025-10-07T10:33:06.406219,48563
39,6.71,0.00,-0.06,0.000054,2025-10-07T10:33:06.406219,44863
40,347.63,7.18,11.86,0.002797,2025-10-07T10:33:06.406219,121619
41,9.87,3.91,12.74,0.000079,2025-10-07T10:33:06.406219,150883
42,19.71,0.08,5.47,0.000159,2025-10-07T10:33:06.406219,118
43,0.942894,1.85,5.09,0.000008,2025-10-07T10:33:06.406219,121611
44,248.00,-1.08,7.92,0.001996,2025-10-07T10:33:06.406219,144321
45,1.27,0.69,-2.20,0.000010,2025-10-07T10:33:06.406219,99329
46,4.54,-0.20,6.40,0.000037,2025-10-07T10:33:06.406219,47311
47,0.449500,2.07,6.71,0.000004,2025-10-07T10:33:06.406219,93847
48,143.96,-12.89,108.82,0.001158,2025-10-07T10:33:06.406219,134
49,0.263767,1.02,-2.85,0.000002,2025-10-07T10:33:06.406219,151099
50,0.077686,2.26,0.27,6.25E-7,2025-10-07T10:33:06.406219,70485
51,0.032712,5.05,15.31,2.63E-7,2025-10-07T10:33:06.406219,151101
52,0.023146,0.73,4.24,1.86E-7,2025-10-07T10:33:06.406219,2741
53,0.225059,1.52,7.77,0.000002,2025-10-07T10:33:06.406219,34406
54,4.18,0.25,1.15,0.000034,2025-10-07T10:33:06.406219,33830
55,0.205968,-1.25,7.02,0.000002,2025-10-07T10:33:06.406219,33819
56,0.298978,2.24,6.14,0.000002,2025-10-07T10:33:06.406219,100427
57,3.52,-0.70,2.40,0.000028,2025-10-07T10:33:06.406219,135601
58,0.024107,-0.74,-6.90,1.94E-7,2025-10-07T10:33:06.406219,84965
59,0.999800,0.03,0.04,0.000008,2025-10-07T10:33:06.406219,164809
60,2.39,1.53,7.60,0.000019,2025-10-07T10:33:06.406219,32607
61,1240.01,4.02,22.07,0.009978,2025-10-07T10:33:06.406219,46722
62,0.000021,2.19,5.59,1.66E-10,2025-10-07T10:33:06.406219,82537
63,7.83,0.17,2.75,0.000063,2025-10-07T10:33:06.406219,148111
64,1686.29,2.89,5.00,0.013569,2025-10-07T10:33:06.406219,12377
65,0.575480,-0.65,-0.47,0.000005,2025-10-07T10:33:06.406219,33718
66,3960.82,0.51,3.44,0.031872,2025-10-07T10:33:06.406219,42855
67,0.739074,-0.39,-2.06,0.000006,2025-10-07T10:33:06.406219,121593
68,16.15,0.73,5.72,0.000130,2025-10-07T10:33:06.406219,2750
69,1.50,-7.32,47.95,0.000012,2025-10-07T10:33:06.406219,136127
70,4.03,10.77,55.02,0.000032,2025-10-07T10:33:06.406219,45985
71,0.998897,-0.07,-0.01,0.000008,2025-10-07T10:33:06.406219,111357
72,0.737628,0.44,8.83,0.000006,2025-10-07T10:33:06.406219,70497
73,104.13,0.40,0.54,0.000838,2025-10-07T10:33:06.406219,33085
74,12.85,-1.15,5.72,0.000103,2025-10-07T10:33:06.406219,46183
75,1.52,2.24,6.56,0.000012,2025-10-07T10:33:06.406219,136105
76,3971.13,0.58,3.38,0.031955,2025-10-07T10:33:06.406219,42227
77,0.638706,5.12,8.83,0.000005,2025-10-07T10:33:06.406219,48569
78,0.997957,0.02,-0.02,0.000008,2025-10-07T10:33:06.406219,100423
79,0.297706,7.51,20.51,0.000002,2025-10-07T10:33:06.406219,148191
80,1.23,2.57,6.04,0.000010,2025-10-07T10:33:06.406219,46981
81,0.770659,-0.98,11.81,0.000006,2025-10-07T10:33:06.406219,48581
82,1.16,0.71,10.94,0.000009,2025-10-07T10:33:06.406219,122319
83,0.871900,0.41,7.52,0.000007,2025-10-07T10:33:06.406219,65895
84,0.000102,1.69,23.42,8.23E-10,2025-10-07T10:33:06.406219,51947
85,0.163835,1.76,9.90,0.000001,2025-10-07T10:33:06.406219,111347
86,1.82,-0.28,22.31,0.000015,2025-10-07T10:33:06.406219,126771
87,0.075160,-0.01,3.88,6.05E-7,2025-10-07T10:33:06.406219,32408
88,0.149066,-0.50,-2.70,0.000001,2025-10-07T10:33:06.406219,141199
89,0.322528,7.84,-18.09,0.000003,2025-10-07T10:33:06.406219,33644
90,0.084586,0.75,2.77,6.81E-7,2025-10-07T10:33:06.406219,48561
91,5.08,5.88,6.94,0.000041,2025-10-07T10:33:06.406219,48839
92,1.88,-1.06,-7.87,0.000015,2025-10-07T10:33:06.406219,121623
93,1.27,0.06,0.27,0.000010,2025-10-07T10:33:06.406219,32604
94,21.65,0.69,6.38,0.000174,2025-10-07T10:33:06.406219,56821
95,0.366107,0.00,-4.67,0.000003,2025-10-07T10:33:06.406219,33536
96,2.93,0.35,8.73,0.000024,2025-10-07T10:33:06.406219,47371
97,0.777546,0.28,6.35,0.000006,2025-10-07T10:33:06.406219,121613
98,0.189253,-0.74,14.59,0.000002,2025-10-07T10:33:06.406219,447
99,0.148153,0.76,1.86,0.000001,2025-10-07T10:33:06.406219,121599
100,0.758809,1.55,8.62,0.000006,2025-10-07T10:33:06.406219,32360
1,124392.54,0.16,8.85,1.00,2025-10-07T11:39:08.544227,90
2,4696.61,2.60,11.30,0.037754,2025-10-07T11:39:08.544227,80
3,1295.96,6.38,25.54,0.010418,2025-10-07T11:39:08.544227,2710
4,2.98,-0.82,3.13,0.000024,2025-10-07T11:39:08.544227,58
5,1.00,-0.06,-0.02,0.000008,2025-10-07T11:39:08.544227,518
6,230.38,-1.12,8.15,0.001852,2025-10-07T11:39:08.544227,48543
7,0.999227,-0.03,0.00,0.000008,2025-10-07T11:39:08.544227,33285
8,0.810108,60.88,130.51,0.000007,2025-10-07T11:39:08.544227,147945
9,4692.99,2.61,11.21,0.037725,2025-10-07T11:39:08.544227,46971
10,0.261197,0.14,10.77,0.000002,2025-10-07T11:39:08.544227,2
11,0.344391,0.11,2.24,0.000003,2025-10-07T11:39:08.544227,2713
12,0.856700,0.58,6.09,0.000007,2025-10-07T11:39:08.544227,257
13,5066.58,2.59,11.37,0.040728,2025-10-07T11:39:08.544227,96901
14,124438.59,0.22,8.87,1.00,2025-10-07T11:39:08.544227,33422
15,4691.70,2.92,11.36,0.037715,2025-10-07T11:39:08.544227,32610
16,22.84,3.17,5.08,0.000184,2025-10-07T11:39:08.544227,2751
17,46.20,-4.47,-0.29,0.000371,2025-10-07T11:39:08.544227,148109
18,0.999760,0.00,-0.10,0.000008,2025-10-07T11:39:08.544227,158405
19,3.59,-0.85,9.26,0.000029,2025-10-07T11:39:08.544227,93845
20,0.400697,-1.09,7.71,0.000003,2025-10-07T11:39:08.544227,89
21,29.99,-1.76,-1.30,0.000241,2025-10-07T11:39:08.544227,44883
22,593.12,-1.14,5.58,0.004768,2025-10-07T11:39:08.544227,2321
23,0.225620,1.41,3.94,0.000002,2025-10-07T11:39:08.544227,48555
24,118.13,-1.64,10.64,0.000950,2025-10-07T11:39:08.544227,1
25,2.36,6.51,22.60,0.000019,2025-10-07T11:39:08.544227,121595
26,0.000013,-0.09,5.74,1.02E-10,2025-10-07T11:39:08.544227,45088
27,2.82,-0.76,4.27,0.000023,2025-10-07T11:39:08.544227,54683
28,4.32,2.37,8.53,0.000035,2025-10-07T11:39:08.544227,45219
29,319.97,0.43,10.78,0.002572,2025-10-07T11:39:08.544227,28
30,0.999269,-0.01,-0.02,0.000008,2025-10-07T11:39:08.544227,32417
31,8.12,-1.47,4.48,0.000065,2025-10-07T11:39:08.544227,47305
32,228.72,0.67,20.19,0.001839,2025-10-07T11:39:08.544227,33531
33,291.29,0.05,4.95,0.002342,2025-10-07T11:39:08.544227,46018
34,0.000010,-0.31,5.55,8.01E-11,2025-10-07T11:39:08.544227,93841
35,0.594069,1.60,5.00,0.000005,2025-10-07T11:39:08.544227,126763
36,5.72,2.38,7.52,0.000046,2025-10-07T11:39:08.544227,67117
37,5.44,2.50,26.79,0.000044,2025-10-07T11:39:08.544227,111341
38,3.02,1.11,8.29,0.000024,2025-10-07T11:39:08.544227,48563
39,6.71,0.00,-0.05,0.000054,2025-10-07T11:39:08.544227,44863
40,346.38,6.70,11.74,0.002784,2025-10-07T11:39:08.544227,121619
41,9.85,3.27,12.28,0.000079,2025-10-07T11:39:08.544227,150883
42,19.78,0.19,5.78,0.000159,2025-10-07T11:39:08.544227,118
43,0.949026,2.13,5.99,0.000008,2025-10-07T11:39:08.544227,121611
44,247.70,-1.28,8.17,0.001991,2025-10-07T11:39:08.544227,144321
45,1.28,1.20,-0.74,0.000010,2025-10-07T11:39:08.544227,99329
46,4.57,0.25,7.17,0.000037,2025-10-07T11:39:08.544227,47311
47,0.450385,1.80,7.49,0.000004,2025-10-07T11:39:08.544227,93847
48,144.50,-14.09,102.12,0.001162,2025-10-07T11:39:08.544227,134
49,0.263523,1.14,-2.42,0.000002,2025-10-07T11:39:08.544227,151099
50,0.078257,2.81,1.51,6.29E-7,2025-10-07T11:39:08.544227,70485
51,0.032717,4.60,15.65,2.63E-7,2025-10-07T11:39:08.544227,151101
52,0.023205,0.20,4.84,1.87E-7,2025-10-07T11:39:08.544227,2741
53,0.226949,2.17,9.02,0.000002,2025-10-07T11:39:08.544227,34406
54,4.20,0.39,1.81,0.000034,2025-10-07T11:39:08.544227,33830
55,0.205519,-1.43,7.08,0.000002,2025-10-07T11:39:08.544227,33819
56,0.299505,1.68,6.36,0.000002,2025-10-07T11:39:08.544227,100427
57,3.53,-0.58,3.32,0.000028,2025-10-07T11:39:08.544227,135601
58,0.024159,-0.81,-7.26,1.94E-7,2025-10-07T11:39:08.544227,84965
59,1.00,0.08,0.08,0.000008,2025-10-07T11:39:08.544227,164809
60,2.39,1.62,8.06,0.000019,2025-10-07T11:39:08.544227,32607
61,1254.19,4.61,23.97,0.010082,2025-10-07T11:39:08.544227,46722
62,0.000021,1.70,6.34,1.66E-10,2025-10-07T11:39:08.544227,82537
63,7.84,0.10,3.30,0.000063,2025-10-07T11:39:08.544227,148111
64,0.577339,-0.28,0.30,0.000005,2025-10-07T11:39:08.544227,33718
65,1670.57,-0.52,6.21,0.013429,2025-10-07T11:39:08.544227,12377
66,3961.48,0.52,3.43,0.031845,2025-10-07T11:39:08.544227,42855
67,0.744920,-0.20,0.30,0.000006,2025-10-07T11:39:08.544227,121593
68,4.15,13.87,59.57,0.000033,2025-10-07T11:39:08.544227,45985
69,16.14,0.50,5.52,0.000130,2025-10-07T11:39:08.544227,2750
70,1.51,-6.14,50.11,0.000012,2025-10-07T11:39:08.544227,136127
71,0.998866,-0.07,-0.01,0.000008,2025-10-07T11:39:08.544227,111357
72,0.740635,0.13,9.64,0.000006,2025-10-07T11:39:08.544227,70497
73,12.92,-1.07,6.81,0.000104,2025-10-07T11:39:08.544227,46183
74,104.14,-0.13,0.48,0.000837,2025-10-07T11:39:08.544227,33085
75,1.52,2.26,7.53,0.000012,2025-10-07T11:39:08.544227,136105
76,0.645123,5.79,10.03,0.000005,2025-10-07T11:39:08.544227,48569
77,0.305412,10.35,24.15,0.000002,2025-10-07T11:39:08.544227,148191
78,3969.80,0.54,3.29,0.031912,2025-10-07T11:39:08.544227,42227
79,0.998205,0.04,0.01,0.000008,2025-10-07T11:39:08.544227,100423
80,1.24,0.87,5.05,0.000010,2025-10-07T11:39:08.544227,46981
81,0.771039,-1.27,12.44,0.000006,2025-10-07T11:39:08.544227,48581
82,1.16,0.23,11.06,0.000009,2025-10-07T11:39:08.544227,122319
83,0.871900,0.40,8.22,0.000007,2025-10-07T11:39:08.544227,65895
84,0.000104,4.50,26.48,8.40E-10,2025-10-07T11:39:08.544227,51947
85,1.84,-0.19,22.61,0.000015,2025-10-07T11:39:08.544227,126771
86,0.163888,0.86,10.77,0.000001,2025-10-07T11:39:08.544227,111347
87,0.333137,15.52,-15.40,0.000003,2025-10-07T11:39:08.544227,33644
88,0.075135,-0.05,3.88,6.04E-7,2025-10-07T11:39:08.544227,32408
89,0.149526,-0.26,-2.43,0.000001,2025-10-07T11:39:08.544227,141199
90,0.085074,1.01,3.93,6.84E-7,2025-10-07T11:39:08.544227,48561
91,5.14,6.08,8.14,0.000041,2025-10-07T11:39:08.544227,48839
92,1.87,-1.95,-9.01,0.000015,2025-10-07T11:39:08.544227,121623
93,1.26,-0.30,0.31,0.000010,2025-10-07T11:39:08.544227,32604
94,21.71,1.18,6.92,0.000174,2025-10-07T11:39:08.544227,56821
95,2.94,0.56,9.65,0.000024,2025-10-07T11:39:08.544227,47371
96,0.783490,1.26,7.46,0.000006,2025-10-07T11:39:08.544227,121613
97,0.190282,-0.71,15.34,0.000002,2025-10-07T11:39:08.544227,447
98,0.351585,-3.97,-8.45,0.000003,2025-10-07T11:39:08.544227,33536
99,0.148435,0.37,2.46,0.000001,2025-10-07T11:39:08.544227,121599
100,0.761434,1.61,9.07,0.000006,2025-10-07T11:39:08.544227,32360
1,121234.63,-2.56,7.05,1.00,2025-10-08T06:04:10.084516,90
2,4435.32,-5.90,8.16,0.036578,2025-10-08T06:04:10.084516,80
3,1283.50,2.14,28.17,0.010585,2025-10-08T06:04:10.084516,2710
4,1.00,0.15,0.10,0.000008,2025-10-08T06:04:10.084516,518
5,2.85,-4.56,0.96,0.000024,2025-10-08T06:04:10.084516,58
6,219.49,-6.00,6.76,0.001810,2025-10-08T06:04:10.084516,48543
7,0.999512,0.01,-0.01,0.000008,2025-10-08T06:04:10.084516,33285
8,0.940559,14.45,151.24,0.000008,2025-10-08T06:04:10.084516,147945
9,4430.56,-5.87,8.07,0.036539,2025-10-08T06:04:10.084516,46971
10,0.245281,-7.74,7.01,0.000002,2025-10-08T06:04:10.084516,2
11,0.336549,-2.57,1.11,0.000003,2025-10-08T06:04:10.084516,2713
12,0.813375,-6.75,3.76,0.000007,2025-10-08T06:04:10.084516,257
13,4787.24,-5.86,8.24,0.039480,2025-10-08T06:04:10.084516,96901
14,121248.55,-2.62,6.98,0.999933,2025-10-08T06:04:10.084516,33422
15,45.55,-2.19,1.38,0.000376,2025-10-08T06:04:10.084516,148109
16,4440.22,-5.41,7.89,0.036618,2025-10-08T06:04:10.084516,32610
17,21.82,-6.85,3.68,0.000180,2025-10-08T06:04:10.084516,2751
18,0.999840,0.00,-0.11,0.000008,2025-10-08T06:04:10.084516,158405
19,3.46,-5.54,9.13,0.000029,2025-10-08T06:04:10.084516,93845
20,0.380879,-6.28,6.23,0.000003,2025-10-08T06:04:10.084516,89
21,28.11,-7.71,-2.92,0.000232,2025-10-08T06:04:10.084516,44883
22,575.12,-3.66,4.12,0.004743,2025-10-08T06:04:10.084516,2321
23,0.216079,-5.62,3.21,0.000002,2025-10-08T06:04:10.084516,48555
24,115.71,-2.52,10.75,0.000954,2025-10-08T06:04:10.084516,1
25,2.33,1.24,33.49,0.000019,2025-10-08T06:04:10.084516,121595
26,0.000012,-5.78,4.22,9.97E-11,2025-10-08T06:04:10.084516,45088
27,2.73,-4.37,4.24,0.000023,2025-10-08T06:04:10.084516,54683
28,4.10,-5.90,7.54,0.000034,2025-10-08T06:04:10.084516,45219
29,1.20,-0.14,-0.08,0.000010,2025-10-08T06:04:10.084516,127063
30,318.19,0.77,9.26,0.002624,2025-10-08T06:04:10.084516,28
31,0.999813,0.03,0.01,0.000008,2025-10-08T06:04:10.084516,32417
32,7.71,-6.93,3.13,0.000064,2025-10-08T06:04:10.084516,47305
33,214.80,-6.38,15.42,0.001771,2025-10-08T06:04:10.084516,33531
34,276.29,-6.95,3.13,0.002279,2025-10-08T06:04:10.084516,46018
35,0.000009,-8.24,3.07,7.71E-11,2025-10-08T06:04:10.084516,93841
36,5.54,-2.17,6.58,0.000046,2025-10-08T06:04:10.084516,67117
37,5.34,0.18,26.43,0.000044,2025-10-08T06:04:10.084516,111341
38,0.538524,-10.80,-2.02,0.000004,2025-10-08T06:04:10.084516,126763
39,2.92,-3.92,13.61,0.000024,2025-10-08T06:04:10.084516,48563
40,328.32,-6.72,10.46,0.002708,2025-10-08T06:04:10.084516,121619
41,19.08,-4.57,5.38,0.000157,2025-10-08T06:04:10.084516,118
42,9.11,-7.70,7.06,0.000075,2025-10-08T06:04:10.084516,150883
43,0.898967,-6.93,3.72,0.000007,2025-10-08T06:04:10.084516,121611
44,236.00,-6.05,6.69,0.001946,2025-10-08T06:04:10.084516,144321
45,4.82,-28.16,-28.19,0.000040,2025-10-08T06:04:10.084516,44863
46,1.18,-11.14,-3.03,0.000010,2025-10-08T06:04:10.084516,99329
47,4.38,-4.62,6.76,0.000036,2025-10-08T06:04:10.084516,47311
48,0.419277,-8.66,3.24,0.000003,2025-10-08T06:04:10.084516,93847
49,132.46,-9.82,80.34,0.001092,2025-10-08T06:04:10.084516,134
50,0.074725,-5.14,-0.20,6.16E-7,2025-10-08T06:04:10.084516,70485
51,0.239670,-9.86,-8.05,0.000002,2025-10-08T06:04:10.084516,151099
52,0.022413,-4.48,4.94,1.85E-7,2025-10-08T06:04:10.084516,2741
53,0.216307,-5.72,6.61,0.000002,2025-10-08T06:04:10.084516,34406
54,4.04,-5.24,0.81,0.000033,2025-10-08T06:04:10.084516,33830
55,0.030097,-10.19,11.93,2.48E-7,2025-10-08T06:04:10.084516,151101
56,0.197000,-6.43,1.89,0.000002,2025-10-08T06:04:10.084516,33819
57,3.34,-6.90,2.67,0.000028,2025-10-08T06:04:10.084516,135601
58,0.023276,-3.54,-9.28,1.92E-7,2025-10-08T06:04:10.084516,84965
59,0.280272,-7.62,4.11,0.000002,2025-10-08T06:04:10.084516,100427
60,0.999500,-0.05,-0.01,0.000008,2025-10-08T06:04:10.084516,164809
61,1237.64,0.33,24.12,0.010207,2025-10-08T06:04:10.084516,46722
62,2.27,-5.66,5.44,0.000019,2025-10-08T06:04:10.084516,32607
63,0.000020,-7.34,6.12,1.62E-10,2025-10-08T06:04:10.084516,82537
64,4034.28,1.67,4.92,0.033271,2025-10-08T06:04:10.084516,42855
65,7.55,-4.82,3.46,0.000062,2025-10-08T06:04:10.084516,148111
66,4.28,6.62,72.49,0.000035,2025-10-08T06:04:10.084516,45985
67,0.553213,-4.47,1.02,0.000005,2025-10-08T06:04:10.084516,33718
68,1578.87,-6.92,-2.97,0.013021,2025-10-08T06:04:10.084516,12377
69,15.82,-2.34,3.32,0.000130,2025-10-08T06:04:10.084516,2750
70,0.999253,-0.01,-0.02,0.000008,2025-10-08T06:04:10.084516,111357
71,1.48,-6.18,60.52,0.000012,2025-10-08T06:04:10.084516,136127
72,0.698799,-6.71,2.64,0.000006,2025-10-08T06:04:10.084516,121593
73,0.706062,-5.79,7.91,0.000006,2025-10-08T06:04:10.084516,70497
74,101.75,-4.11,0.93,0.000839,2025-10-08T06:04:10.084516,33085
75,12.28,-5.91,5.50,0.000101,2025-10-08T06:04:10.084516,46183
76,4040.14,1.65,4.71,0.033319,2025-10-08T06:04:10.084516,42227
77,0.997700,0.00,-0.01,0.000008,2025-10-08T06:04:10.084516,100423
78,1.43,-7.25,6.22,0.000012,2025-10-08T06:04:10.084516,136105
79,0.296112,-2.31,20.30,0.000002,2025-10-08T06:04:10.084516,148191
80,0.599224,-9.48,5.76,0.000005,2025-10-08T06:04:10.084516,48569
81,1.17,-6.33,7.35,0.000010,2025-10-08T06:04:10.084516,46981
82,0.724842,-6.31,9.14,0.000006,2025-10-08T06:04:10.084516,48581
83,0.833100,-4.82,6.15,0.000007,2025-10-08T06:04:10.084516,65895
84,0.343424,6.81,-16.42,0.000003,2025-10-08T06:04:10.084516,33644
85,1.07,-9.02,7.66,0.000009,2025-10-08T06:04:10.084516,122319
86,0.000096,-7.60,22.27,7.89E-10,2025-10-08T06:04:10.084516,51947
87,0.073043,-3.04,0.22,6.02E-7,2025-10-08T06:04:10.084516,32408
88,0.155602,-6.31,6.30,0.000001,2025-10-08T06:04:10.084516,111347
89,1.73,-4.25,23.98,0.000014,2025-10-08T06:04:10.084516,126771
90,0.140624,-6.89,-4.51,0.000001,2025-10-08T06:04:10.084516,141199
91,0.081542,-5.44,3.27,6.72E-7,2025-10-08T06:04:10.084516,48561
92,0.374332,2.25,-2.61,0.000003,2025-10-08T06:04:10.084516,33536
93,1.26,-1.24,1.76,0.000010,2025-10-08T06:04:10.084516,32604
94,1.84,-1.16,-5.62,0.000015,2025-10-08T06:04:10.084516,121623
95,4.72,-6.85,7.06,0.000039,2025-10-08T06:04:10.084516,48839
96,20.64,-5.94,5.59,0.000170,2025-10-08T06:04:10.084516,56821
97,2.79,-6.34,8.72,0.000023,2025-10-08T06:04:10.084516,47371
98,0.283077,-0.78,-12.71,0.000002,2025-10-08T06:04:10.084516,122275
99,0.183310,-4.46,14.96,0.000002,2025-10-08T06:04:10.084516,447
100,0.999669,0.01,-0.01,0.000008,2025-10-08T06:04:10.084516,146447
1,121624.20,-1.88,7.03,1.00,2025-10-08T06:59:13.453821,90
2,4450.18,-4.74,8.18,0.036596,2025-10-08T06:59:13.453821,80
3,1305.95,5.32,30.21,0.010740,2025-10-08T06:59:13.453821,2710
4,1.00,0.20,0.03,0.000008,2025-10-08T06:59:13.453821,518
5,2.86,-3.76,0.69,0.000024,2025-10-08T06:59:13.453821,58
6,219.93,-4.59,5.94,0.001809,2025-10-08T06:59:13.453821,48543
7,0.999561,0.02,-0.01,0.000008,2025-10-08T06:59:13.453821,33285
8,4446.46,-4.75,8.14,0.036566,2025-10-08T06:59:13.453821,46971
9,0.245670,-5.91,6.41,0.000002,2025-10-08T06:59:13.453821,2
10,0.336638,-2.33,0.96,0.000003,2025-10-08T06:59:13.453821,2713
11,0.814524,-5.18,3.14,0.000007,2025-10-08T06:59:13.453821,257
12,4800.77,-4.69,8.18,0.039479,2025-10-08T06:59:13.453821,96901
13,121517.89,-2.04,7.01,0.999307,2025-10-08T06:59:13.453821,33422
14,45.63,-0.61,1.53,0.000375,2025-10-08T06:59:13.453821,148109
15,4432.91,-5.56,7.93,0.036454,2025-10-08T06:59:13.453821,32610
16,21.81,-5.47,2.89,0.000179,2025-10-08T06:59:13.453821,2751
17,0.999907,0.01,-0.07,0.000008,2025-10-08T06:59:13.453821,158405
18,3.46,-4.01,8.43,0.000028,2025-10-08T06:59:13.453821,93845
19,0.379559,-5.71,4.97,0.000003,2025-10-08T06:59:13.453821,89
20,28.14,-6.75,-4.38,0.000231,2025-10-08T06:59:13.453821,44883
21,576.65,-3.00,3.97,0.004742,2025-10-08T06:59:13.453821,2321
22,0.215730,-4.64,1.89,0.000002,2025-10-08T06:59:13.453821,48555
23,115.89,-1.78,10.23,0.000953,2025-10-08T06:59:13.453821,1
24,2.36,5.08,33.56,0.000019,2025-10-08T06:59:13.453821,121595
25,0.000012,-4.67,3.68,9.95E-11,2025-10-08T06:59:13.453821,45088
26,2.74,-3.48,3.46,0.000023,2025-10-08T06:59:13.453821,54683
27,4.12,-4.21,6.94,0.000034,2025-10-08T06:59:13.453821,45219
28,1.20,-0.10,-0.08,0.000010,2025-10-08T06:59:13.453821,127063
29,319.44,0.67,9.16,0.002627,2025-10-08T06:59:13.453821,28
30,0.999542,-0.01,-0.02,0.000008,2025-10-08T06:59:13.453821,32417
31,7.73,-4.71,3.59,0.000064,2025-10-08T06:59:13.453821,47305
32,216.30,-4.69,15.44,0.001779,2025-10-08T06:59:13.453821,33531
33,276.38,-5.58,2.23,0.002273,2025-10-08T06:59:13.453821,46018
34,0.000009,-6.93,2.29,7.65E-11,2025-10-08T06:59:13.453821,93841
35,5.56,-1.93,6.68,0.000046,2025-10-08T06:59:13.453821,67117
36,0.536837,-9.21,-2.61,0.000004,2025-10-08T06:59:13.453821,126763
37,5.27,-0.86,23.03,0.000043,2025-10-08T06:59:13.453821,111341
38,2.92,-2.25,12.67,0.000024,2025-10-08T06:59:13.453821,48563
39,6.71,-0.01,-0.05,0.000055,2025-10-08T06:59:13.453821,44863
40,331.23,-4.84,10.17,0.002724,2025-10-08T06:59:13.453821,121619
41,19.05,-3.73,4.93,0.000157,2025-10-08T06:59:13.453821,118
42,9.13,-6.96,6.79,0.000075,2025-10-08T06:59:13.453821,150883
43,0.901691,-5.22,3.60,0.000007,2025-10-08T06:59:13.453821,121611
44,236.20,-4.68,5.78,0.001942,2025-10-08T06:59:13.453821,144321
45,1.18,-9.75,-3.98,0.000010,2025-10-08T06:59:13.453821,99329
46,4.38,-3.61,6.22,0.000036,2025-10-08T06:59:13.453821,47311
47,0.419293,-7.16,2.21,0.000003,2025-10-08T06:59:13.453821,93847
48,132.63,-7.84,79.30,0.001091,2025-10-08T06:59:13.453821,134
49,0.074978,-3.75,-0.28,6.17E-7,2025-10-08T06:59:13.453821,70485
50,0.239194,-9.78,-8.53,0.000002,2025-10-08T06:59:13.453821,151099
51,0.022416,-3.46,4.46,1.84E-7,2025-10-08T06:59:13.453821,2741
52,4.05,-3.85,0.32,0.000033,2025-10-08T06:59:13.453821,33830
53,0.216162,-4.24,5.57,0.000002,2025-10-08T06:59:13.453821,34406
54,0.030107,-7.47,10.78,2.48E-7,2025-10-08T06:59:13.453821,151101
55,0.199854,-3.96,3.37,0.000002,2025-10-08T06:59:13.453821,33819
56,3.34,-5.40,2.18,0.000027,2025-10-08T06:59:13.453821,135601
57,0.023244,-3.58,-7.44,1.91E-7,2025-10-08T06:59:13.453821,84965
58,0.280919,-5.93,3.39,0.000002,2025-10-08T06:59:13.453821,100427
59,0.999350,-0.08,-0.06,0.000008,2025-10-08T06:59:13.453821,164809
60,1246.60,1.92,24.69,0.010251,2025-10-08T06:59:13.453821,46722
61,2.27,-4.45,5.28,0.000019,2025-10-08T06:59:13.453821,32607
62,0.000020,-5.88,5.04,1.62E-10,2025-10-08T06:59:13.453821,82537
63,4034.76,1.86,4.82,0.033180,2025-10-08T06:59:13.453821,42855
64,7.57,-3.74,3.41,0.000062,2025-10-08T06:59:13.453821,148111
65,4.33,12.01,73.44,0.000036,2025-10-08T06:59:13.453821,45985
66,0.553517,-3.63,1.35,0.000005,2025-10-08T06:59:13.453821,33718
67,1605.68,-3.15,-4.88,0.013204,2025-10-08T06:59:13.453821,12377
68,15.81,-1.99,3.48,0.000130,2025-10-08T06:59:13.453821,2750
69,0.999436,0.01,0.00,0.000008,2025-10-08T06:59:13.453821,111357
70,1.48,-3.37,58.50,0.000012,2025-10-08T06:59:13.453821,136127
71,0.695807,-5.73,1.65,0.000006,2025-10-08T06:59:13.453821,121593
72,0.706764,-4.56,7.44,0.000006,2025-10-08T06:59:13.453821,70497
73,102.50,-2.93,1.35,0.000843,2025-10-08T06:59:13.453821,33085
74,12.31,-4.51,5.04,0.000101,2025-10-08T06:59:13.453821,46183
75,4042.39,1.88,4.72,0.033243,2025-10-08T06:59:13.453821,42227
76,0.997803,-0.02,0.00,0.000008,2025-10-08T06:59:13.453821,100423
77,1.43,-5.57,5.21,0.000012,2025-10-08T06:59:13.453821,136105
78,0.292607,-1.29,18.65,0.000002,2025-10-08T06:59:13.453821,148191
79,0.600018,-8.02,5.75,0.000005,2025-10-08T06:59:13.453821,48569
80,1.17,-5.14,6.36,0.000010,2025-10-08T06:59:13.453821,46981
81,0.725253,-5.64,8.21,0.000006,2025-10-08T06:59:13.453821,48581
82,0.832200,-4.93,5.86,0.000007,2025-10-08T06:59:13.453821,65895
83,1.08,-7.21,8.01,0.000009,2025-10-08T06:59:13.453821,122319
84,0.343424,6.39,-16.42,0.000003,2025-10-08T06:59:13.453821,33644
85,0.000096,-5.32,22.38,7.94E-10,2025-10-08T06:59:13.453821,51947
86,0.072958,-2.93,-0.20,6.00E-7,2025-10-08T06:59:13.453821,32408
87,0.155176,-4.72,3.86,0.000001,2025-10-08T06:59:13.453821,111347
88,1.73,-3.82,23.54,0.000014,2025-10-08T06:59:13.453821,126771
89,0.140524,-6.46,-5.74,0.000001,2025-10-08T06:59:13.453821,141199
90,0.081874,-3.69,3.16,6.73E-7,2025-10-08T06:59:13.453821,48561
91,0.374336,2.25,-2.61,0.000003,2025-10-08T06:59:13.453821,33536
92,1.26,-1.05,0.47,0.000010,2025-10-08T06:59:13.453821,32604
93,1.84,-0.91,-5.49,0.000015,2025-10-08T06:59:13.453821,121623
94,4.71,-6.11,5.20,0.000039,2025-10-08T06:59:13.453821,48839
95,20.66,-4.34,5.13,0.000170,2025-10-08T06:59:13.453821,56821
96,2.79,-4.85,7.97,0.000023,2025-10-08T06:59:13.453821,47371
97,0.283536,-0.41,-12.94,0.000002,2025-10-08T06:59:13.453821,122275
98,0.182633,-3.33,13.79,0.000002,2025-10-08T06:59:13.453821,447
99,0.999569,-0.01,-0.02,0.000008,2025-10-08T06:59:13.453821,146447
100,0.728306,-4.26,8.07,0.000006,2025-10-08T06:59:13.453821,32360
1,122637.07,-1.33,7.54,1.00,2025-10-08T10:28:18.212237,90
2,4489.82,-4.23,8.00,0.036611,2025-10-08T10:28:18.212237,80
3,1319.17,2.99,31.27,0.010757,2025-10-08T10:28:18.212237,2710
4,1.00,0.03,0.04,0.000008,2025-10-08T10:28:18.212237,518
5,2.87,-3.55,0.54,0.000023,2025-10-08T10:28:18.212237,58
6,221.38,-4.16,5.41,0.001805,2025-10-08T10:28:18.212237,48543
7,0.999520,0.03,-0.01,0.000008,2025-10-08T10:28:18.212237,33285
8,4485.29,-4.18,7.93,0.036574,2025-10-08T10:28:18.212237,46971
9,0.249101,-4.45,6.94,0.000002,2025-10-08T10:28:18.212237,2
10,0.336937,-2.22,1.36,0.000003,2025-10-08T10:28:18.212237,2713
11,0.820671,-4.17,1.62,0.000007,2025-10-08T10:28:18.212237,257
12,4842.00,-4.24,7.99,0.039483,2025-10-08T10:28:18.212237,96901
13,122542.89,-1.46,7.35,0.999235,2025-10-08T10:28:18.212237,33422
14,46.15,-0.16,1.05,0.000376,2025-10-08T10:28:18.212237,148109
15,4472.78,-4.42,7.83,0.036472,2025-10-08T10:28:18.212237,32610
16,22.00,-2.96,2.26,0.000179,2025-10-08T10:28:18.212237,2751
17,0.999939,0.02,-0.08,0.000008,2025-10-08T10:28:18.212237,158405
18,3.48,-3.20,6.10,0.000028,2025-10-08T10:28:18.212237,93845
19,0.383564,-4.17,4.51,0.000003,2025-10-08T10:28:18.212237,89
20,28.30,-4.95,-5.73,0.000231,2025-10-08T10:28:18.212237,44883
21,579.54,-2.60,3.41,0.004726,2025-10-08T10:28:18.212237,2321
22,0.218601,-2.72,0.85,0.000002,2025-10-08T10:28:18.212237,48555
23,116.57,-1.18,8.87,0.000951,2025-10-08T10:28:18.212237,1
24,2.40,2.30,34.52,0.000020,2025-10-08T10:28:18.212237,121595
25,0.000012,-3.84,2.77,9.93E-11,2025-10-08T10:28:18.212237,45088
26,2.74,-3.12,0.83,0.000022,2025-10-08T10:28:18.212237,54683
27,4.15,-3.71,5.76,0.000034,2025-10-08T10:28:18.212237,45219
28,1.20,-0.17,0.25,0.000010,2025-10-08T10:28:18.212237,127063
29,322.09,0.71,9.28,0.002626,2025-10-08T10:28:18.212237,28
30,0.999058,-0.04,-0.08,0.000008,2025-10-08T10:28:18.212237,32417
31,7.80,-3.59,1.61,0.000064,2025-10-08T10:28:18.212237,47305
32,220.07,-3.78,16.88,0.001795,2025-10-08T10:28:18.212237,33531
33,279.54,-3.72,0.91,0.002279,2025-10-08T10:28:18.212237,46018
34,5.70,-0.39,9.42,0.000046,2025-10-08T10:28:18.212237,67117
35,0.000009,-6.03,0.31,7.62E-11,2025-10-08T10:28:18.212237,93841
36,0.540117,-8.26,-3.29,0.000004,2025-10-08T10:28:18.212237,126763
37,2.95,-1.72,12.10,0.000024,2025-10-08T10:28:18.212237,48563
38,5.20,-3.81,18.71,0.000042,2025-10-08T10:28:18.212237,111341
39,6.71,-0.01,-0.05,0.000055,2025-10-08T10:28:18.212237,44863
40,330.10,-5.03,8.69,0.002692,2025-10-08T10:28:18.212237,121619
41,19.14,-2.96,3.38,0.000156,2025-10-08T10:28:18.212237,118
42,0.909494,-3.56,2.65,0.000007,2025-10-08T10:28:18.212237,121611
43,9.18,-6.88,0.67,0.000075,2025-10-08T10:28:18.212237,150883
44,237.90,-4.11,5.31,0.001940,2025-10-08T10:28:18.212237,144321
45,1.19,-6.55,-5.34,0.000010,2025-10-08T10:28:18.212237,99329
46,4.43,-2.29,4.91,0.000036,2025-10-08T10:28:18.212237,47311
47,0.424427,-5.57,0.49,0.000003,2025-10-08T10:28:18.212237,93847
48,137.89,-4.06,85.23,0.001124,2025-10-08T10:28:18.212237,134
49,0.075657,-2.62,0.12,6.17E-7,2025-10-08T10:28:18.212237,70485
50,0.240101,-8.98,-9.06,0.000002,2025-10-08T10:28:18.212237,151099
51,0.031118,-4.88,10.99,2.54E-7,2025-10-08T10:28:18.212237,151101
52,0.022672,-2.12,4.25,1.85E-7,2025-10-08T10:28:18.212237,2741
53,0.218977,-2.74,4.64,0.000002,2025-10-08T10:28:18.212237,34406
54,4.08,-2.45,-0.56,0.000033,2025-10-08T10:28:18.212237,33830
55,0.202953,-1.45,2.40,0.000002,2025-10-08T10:28:18.212237,33819
56,3.37,-4.21,0.74,0.000027,2025-10-08T10:28:18.212237,135601
57,0.283146,-5.32,2.23,0.000002,2025-10-08T10:28:18.212237,100427
58,0.023074,-4.30,-9.14,1.88E-7,2025-10-08T10:28:18.212237,84965
59,0.999550,-0.02,0.03,0.000008,2025-10-08T10:28:18.212237,164809
60,1258.08,1.46,25.16,0.010259,2025-10-08T10:28:18.212237,46722
61,2.29,-4.05,4.43,0.000019,2025-10-08T10:28:18.212237,32607
62,0.000020,-4.08,3.16,1.62E-10,2025-10-08T10:28:18.212237,82537
63,4.42,9.82,76.30,0.000036,2025-10-08T10:28:18.212237,45985
64,4047.94,2.19,4.86,0.033008,2025-10-08T10:28:18.212237,42855
65,7.57,-3.43,2.09,0.000062,2025-10-08T10:28:18.212237,148111
66,1.59,5.44,61.19,0.000013,2025-10-08T10:28:18.212237,136127
67,0.551672,-4.12,-0.27,0.000004,2025-10-08T10:28:18.212237,33718
68,1585.32,-5.99,-5.08,0.012927,2025-10-08T10:28:18.212237,12377
69,15.92,-1.30,3.57,0.000130,2025-10-08T10:28:18.212237,2750
70,0.999642,0.07,0.02,0.000008,2025-10-08T10:28:18.212237,111357
71,0.701804,-5.07,1.29,0.000006,2025-10-08T10:28:18.212237,121593
72,0.717763,-2.71,6.53,0.000006,2025-10-08T10:28:18.212237,70497
73,102.04,-2.02,0.28,0.000832,2025-10-08T10:28:18.212237,33085
74,12.49,-2.80,3.83,0.000102,2025-10-08T10:28:18.212237,46183
75,4056.18,2.13,4.78,0.033075,2025-10-08T10:28:18.212237,42227
76,1.46,-3.92,4.96,0.000012,2025-10-08T10:28:18.212237,136105
77,0.997828,-0.03,0.00,0.000008,2025-10-08T10:28:18.212237,100423
78,0.294746,-1.28,15.99,0.000002,2025-10-08T10:28:18.212237,148191
79,0.393604,22.04,-4.21,0.000003,2025-10-08T10:28:18.212237,33644
80,0.602807,-5.60,4.84,0.000005,2025-10-08T10:28:18.212237,48569
81,1.19,-3.61,7.73,0.000010,2025-10-08T10:28:18.212237,46981
82,0.732296,-5.03,6.45,0.000006,2025-10-08T10:28:18.212237,48581
83,0.841800,-3.45,6.07,0.000007,2025-10-08T10:28:18.212237,65895
84,1.09,-6.03,7.02,0.000009,2025-10-08T10:28:18.212237,122319
85,0.000099,-3.00,21.47,8.07E-10,2025-10-08T10:28:18.212237,51947
86,0.156318,-4.60,5.28,0.000001,2025-10-08T10:28:18.212237,111347
87,0.073281,-2.49,0.05,5.98E-7,2025-10-08T10:28:18.212237,32408
88,1.75,-4.09,21.79,0.000014,2025-10-08T10:28:18.212237,126771
89,0.082441,-2.58,2.12,6.72E-7,2025-10-08T10:28:18.212237,48561
90,0.140499,-5.75,-7.03,0.000001,2025-10-08T10:28:18.212237,141199
91,1.28,1.21,2.97,0.000010,2025-10-08T10:28:18.212237,32604
92,0.374337,2.25,-2.61,0.000003,2025-10-08T10:28:18.212237,33536
93,4.72,-7.00,5.01,0.000039,2025-10-08T10:28:18.212237,48839
94,1.82,-2.30,-6.18,0.000015,2025-10-08T10:28:18.212237,121623
95,20.88,-3.63,3.86,0.000170,2025-10-08T10:28:18.212237,56821
96,2.81,-3.99,6.05,0.000023,2025-10-08T10:28:18.212237,47371
97,0.184883,-2.31,10.93,0.000002,2025-10-08T10:28:18.212237,447
98,0.284179,-0.46,-12.63,0.000002,2025-10-08T10:28:18.212237,122275
99,0.735481,-3.11,7.20,0.000006,2025-10-08T10:28:18.212237,32360
100,0.734219,-5.45,1.27,0.000006,2025-10-08T10:28:18.212237,121613
1,122037.06,0.33,4.12,1.00,2025-10-09T06:55:22.056724,90
2,4433.29,-0.42,2.82,0.036323,2025-10-09T06:55:22.056724,80
3,1315.09,0.61,28.87,0.010775,2025-10-09T06:55:22.056724,2710
4,1.00,-0.18,-0.03,0.000008,2025-10-09T06:55:22.056724,518
5,2.83,-1.09,-3.67,0.000023,2025-10-09T06:55:22.056724,58
6,227.20,3.28,3.62,0.001861,2025-10-09T06:55:22.056724,48543
7,0.999613,0.01,0.03,0.000008,2025-10-09T06:55:22.056724,33285
8,4433.20,-0.32,2.95,0.036322,2025-10-09T06:55:22.056724,46971
9,0.248726,1.20,0.85,0.000002,2025-10-09T06:55:22.056724,2
10,0.339035,0.71,-0.60,0.000003,2025-10-09T06:55:22.056724,2713
11,0.818038,0.42,-2.96,0.000007,2025-10-09T06:55:22.056724,257
12,4782.60,-0.42,2.85,0.039185,2025-10-09T06:55:22.056724,96901
13,122063.78,0.44,4.09,1.00,2025-10-09T06:55:22.056724,33422
14,45.61,-0.02,-2.79,0.000374,2025-10-09T06:55:22.056724,148109
15,22.24,1.90,-1.22,0.000182,2025-10-09T06:55:22.056724,2751
16,4439.13,0.14,2.74,0.036371,2025-10-09T06:55:22.056724,32610
17,1.00,0.03,-0.05,0.000008,2025-10-09T06:55:22.056724,158405
18,3.47,0.16,-0.43,0.000028,2025-10-09T06:55:22.056724,93845
19,0.380953,0.36,-3.04,0.000003,2025-10-09T06:55:22.056724,89
20,28.47,1.16,-6.89,0.000233,2025-10-09T06:55:22.056724,44883
21,577.94,0.21,-0.83,0.004735,2025-10-09T06:55:22.056724,2321
22,2.81,18.98,48.69,0.000023,2025-10-09T06:55:22.056724,121595
23,0.213851,-0.86,-4.22,0.000002,2025-10-09T06:55:22.056724,48555
24,118.16,1.84,6.13,0.000968,2025-10-09T06:55:22.056724,1
25,0.000012,0.40,-1.58,9.95E-11,2025-10-09T06:55:22.056724,45088
26,2.75,0.32,-1.11,0.000023,2025-10-09T06:55:22.056724,54683
27,4.10,-0.59,-0.10,0.000034,2025-10-09T06:55:22.056724,45219
28,1.20,0.12,0.17,0.000010,2025-10-09T06:55:22.056724,127063
29,331.71,3.83,7.61,0.002718,2025-10-09T06:55:22.056724,28
30,0.999787,0.02,0.04,0.000008,2025-10-09T06:55:22.056724,32417
31,7.88,1.93,-2.56,0.000065,2025-10-09T06:55:22.056724,47305
32,214.90,-0.65,12.76,0.001761,2025-10-09T06:55:22.056724,33531
33,280.83,1.57,-2.15,0.002301,2025-10-09T06:55:22.056724,46018
34,5.78,4.07,10.24,0.000047,2025-10-09T06:55:22.056724,67117
35,0.572758,6.66,-1.60,0.000005,2025-10-09T06:55:22.056724,126763
36,0.000009,0.52,-4.00,7.66E-11,2025-10-09T06:55:22.056724,93841
37,2.91,-0.32,2.00,0.000024,2025-10-09T06:55:22.056724,48563
38,5.07,-3.71,6.08,0.000042,2025-10-09T06:55:22.056724,111341
39,6.71,-0.02,-0.07,0.000055,2025-10-09T06:55:22.056724,44863
40,329.64,-0.60,3.49,0.002701,2025-10-09T06:55:22.056724,121619
41,19.18,0.70,-0.63,0.000157,2025-10-09T06:55:22.056724,118
42,180.21,35.56,53.38,0.001477,2025-10-09T06:55:22.056724,134
43,9.28,1.62,3.55,0.000076,2025-10-09T06:55:22.056724,150883
44,244.30,3.39,3.65,0.002002,2025-10-09T06:55:22.056724,144321
45,0.903668,0.18,-2.59,0.000007,2025-10-09T06:55:22.056724,121611
46,1.23,4.30,-7.10,0.000010,2025-10-09T06:55:22.056724,99329
47,4.42,0.87,-0.12,0.000036,2025-10-09T06:55:22.056724,47311
48,0.425082,1.37,-2.15,0.000003,2025-10-09T06:55:22.056724,93847
49,0.074216,-1.00,-6.12,6.08E-7,2025-10-09T06:55:22.056724,70485
50,0.031423,4.32,-0.68,2.57E-7,2025-10-09T06:55:22.056724,151101
51,0.238086,-0.43,-12.60,0.000002,2025-10-09T06:55:22.056724,151099
52,0.218393,1.03,-0.87,0.000002,2025-10-09T06:55:22.056724,34406
53,0.022291,-0.59,-3.11,1.83E-7,2025-10-09T06:55:22.056724,2741
54,4.08,0.62,-2.82,0.000033,2025-10-09T06:55:22.056724,33830
55,0.195328,-2.25,-2.60,0.000002,2025-10-09T06:55:22.056724,33819
56,0.284131,1.12,-4.34,0.000002,2025-10-09T06:55:22.056724,100427
57,3.30,-1.21,-6.69,0.000027,2025-10-09T06:55:22.056724,135601
58,0.022542,-3.02,-13.14,1.85E-7,2025-10-09T06:55:22.056724,84965
59,0.999800,0.05,0.03,0.000008,2025-10-09T06:55:22.056724,164809
60,1256.97,0.83,23.38,0.010299,2025-10-09T06:55:22.056724,46722
61,2.30,1.24,0.77,0.000019,2025-10-09T06:55:22.056724,32607
62,7.74,2.25,2.49,0.000063,2025-10-09T06:55:22.056724,148111
63,0.000020,0.42,-3.75,1.62E-10,2025-10-09T06:55:22.056724,82537
64,4036.85,0.06,4.51,0.033075,2025-10-09T06:55:22.056724,42855
65,1661.31,3.46,-5.57,0.013612,2025-10-09T06:55:22.056724,12377
66,0.542908,-1.92,-8.62,0.000004,2025-10-09T06:55:22.056724,33718
67,15.85,0.25,2.62,0.000130,2025-10-09T06:55:22.056724,2750
68,4.05,-6.65,56.48,0.000033,2025-10-09T06:55:22.056724,45985
69,0.999077,-0.04,-0.01,0.000008,2025-10-09T06:55:22.056724,111357
70,1.48,-0.26,33.05,0.000012,2025-10-09T06:55:22.056724,136127
71,0.693296,-0.29,-2.72,0.000006,2025-10-09T06:55:22.056724,121593
72,0.711788,0.70,1.36,0.000006,2025-10-09T06:55:22.056724,70497
73,102.78,0.28,-2.46,0.000842,2025-10-09T06:55:22.056724,33085
74,12.33,0.20,-1.41,0.000101,2025-10-09T06:55:22.056724,46183
75,4050.16,0.19,4.65,0.033184,2025-10-09T06:55:22.056724,42227
76,1.47,2.29,0.75,0.000012,2025-10-09T06:55:22.056724,136105
77,0.410865,19.64,-0.01,0.000003,2025-10-09T06:55:22.056724,33644
78,0.997447,-0.04,-0.04,0.000008,2025-10-09T06:55:22.056724,100423
79,0.598836,-0.16,-0.78,0.000005,2025-10-09T06:55:22.056724,48569
80,1.18,0.78,-2.00,0.000010,2025-10-09T06:55:22.056724,46981
81,0.278067,-4.93,0.36,0.000002,2025-10-09T06:55:22.056724,148191
82,0.722668,-0.36,0.31,0.000006,2025-10-09T06:55:22.056724,48581
83,0.836100,0.47,0.77,0.000007,2025-10-09T06:55:22.056724,65895
84,1.07,-0.10,-0.42,0.000009,2025-10-09T06:55:22.056724,122319
85,0.000097,0.77,13.82,7.96E-10,2025-10-09T06:55:22.056724,51947
86,0.157501,1.40,1.83,0.000001,2025-10-09T06:55:22.056724,111347
87,0.072949,0.00,-2.62,5.98E-7,2025-10-09T06:55:22.056724,32408
88,0.141399,0.59,-8.74,0.000001,2025-10-09T06:55:22.056724,141199
89,0.081599,-0.34,-3.38,6.69E-7,2025-10-09T06:55:22.056724,48561
90,1.66,-3.83,16.31,0.000014,2025-10-09T06:55:22.056724,126771
91,1.27,1.13,1.62,0.000010,2025-10-09T06:55:22.056724,32604
92,0.374369,0.01,-2.59,0.000003,2025-10-09T06:55:22.056724,33536
93,20.93,1.26,-0.27,0.000172,2025-10-09T06:55:22.056724,56821
94,1.77,-3.81,-6.19,0.000014,2025-10-09T06:55:22.056724,121623
95,4.56,-3.21,-5.13,0.000037,2025-10-09T06:55:22.056724,48839
96,2.75,-1.48,-2.36,0.000023,2025-10-09T06:55:22.056724,47371
97,0.143262,2.45,-3.40,0.000001,2025-10-09T06:55:22.056724,121599
98,0.181700,-0.50,2.74,0.000001,2025-10-09T06:55:22.056724,447
99,0.279036,-1.57,-5.82,0.000002,2025-10-09T06:55:22.056724,122275
100,0.999901,0.03,0.03,0.000008,2025-10-09T06:55:22.056724,146447
1,122788.01,-0.10,3.84,1.00,2025-10-09T11:45:02.115444,90
2,4380.22,-2.37,1.08,0.035691,2025-10-09T11:45:02.115444,80
3,1281.10,-2.50,24.88,0.010439,2025-10-09T11:45:02.115444,2710
4,1.00,0.07,0.06,0.000008,2025-10-09T11:45:02.115444,518
5,2.82,-1.78,-4.16,0.000023,2025-10-09T11:45:02.115444,58
6,223.47,1.14,1.25,0.001821,2025-10-09T11:45:02.115444,48543
7,0.999530,0.00,0.02,0.000008,2025-10-09T11:45:02.115444,33285
8,4376.20,-2.41,1.06,0.035658,2025-10-09T11:45:02.115444,46971
9,0.247079,-0.78,-0.35,0.000002,2025-10-09T11:45:02.115444,2
10,0.337761,0.06,-1.16,0.000003,2025-10-09T11:45:02.115444,2713
11,0.814440,-0.86,-3.93,0.000007,2025-10-09T11:45:02.115444,257
12,122685.18,-0.04,3.73,0.999664,2025-10-09T11:45:02.115444,33422
13,4725.05,-2.35,1.14,0.038501,2025-10-09T11:45:02.115444,96901
14,44.36,-3.68,-5.82,0.000361,2025-10-09T11:45:02.115444,148109
15,4372.84,-2.62,1.32,0.035631,2025-10-09T11:45:02.115444,32610
16,21.76,-1.16,-3.56,0.000177,2025-10-09T11:45:02.115444,2751
17,1.00,0.00,-0.08,0.000008,2025-10-09T11:45:02.115444,158405
18,3.40,-1.75,-3.35,0.000028,2025-10-09T11:45:02.115444,93845
19,0.377176,-1.47,-4.87,0.000003,2025-10-09T11:45:02.115444,89
20,28.38,0.35,-7.32,0.000231,2025-10-09T11:45:02.115444,44883
21,575.96,-0.41,-2.76,0.004693,2025-10-09T11:45:02.115444,2321
22,0.213009,-2.06,-4.68,0.000002,2025-10-09T11:45:02.115444,48555
23,116.47,0.31,1.32,0.000949,2025-10-09T11:45:02.115444,1
24,2.51,2.42,32.56,0.000020,2025-10-09T11:45:02.115444,121595
25,0.000012,-0.93,-2.63,9.81E-11,2025-10-09T11:45:02.115444,45088
26,2.73,-0.37,-1.99,0.000022,2025-10-09T11:45:02.115444,54683
27,335.51,4.12,7.74,0.002734,2025-10-09T11:45:02.115444,28
28,4.04,-2.70,-1.72,0.000033,2025-10-09T11:45:02.115444,45219
29,1.20,0.38,0.39,0.000010,2025-10-09T11:45:02.115444,127063
30,0.999573,0.04,0.00,0.000008,2025-10-09T11:45:02.115444,32417
31,7.84,0.58,-2.43,0.000064,2025-10-09T11:45:02.115444,47305
32,213.59,-3.58,11.44,0.001740,2025-10-09T11:45:02.115444,33531
33,276.09,-1.27,-3.35,0.002250,2025-10-09T11:45:02.115444,46018
34,5.74,0.92,8.38,0.000047,2025-10-09T11:45:02.115444,67117
35,0.000009,-1.00,-5.42,7.52E-11,2025-10-09T11:45:02.115444,93841
36,0.557729,3.26,-3.47,0.000005,2025-10-09T11:45:02.115444,126763
37,2.88,-1.97,2.10,0.000023,2025-10-09T11:45:02.115444,48563
38,4.98,-4.03,2.54,0.000041,2025-10-09T11:45:02.115444,111341
39,6.71,-0.01,-0.06,0.000055,2025-10-09T11:45:02.115444,44863
40,326.70,-2.02,2.56,0.002662,2025-10-09T11:45:02.115444,121619
41,192.33,36.51,62.74,0.001567,2025-10-09T11:45:02.115444,134
42,18.99,-0.60,-2.67,0.000155,2025-10-09T11:45:02.115444,118
43,240.10,1.18,1.22,0.001956,2025-10-09T11:45:02.115444,144321
44,0.893463,-1.53,-4.21,0.000007,2025-10-09T11:45:02.115444,121611
45,9.01,-2.46,2.29,0.000073,2025-10-09T11:45:02.115444,150883
46,1.21,2.22,-8.16,0.000010,2025-10-09T11:45:02.115444,99329
47,4.37,-1.41,-2.70,0.000036,2025-10-09T11:45:02.115444,47311
48,0.418921,-0.85,-3.53,0.000003,2025-10-09T11:45:02.115444,93847
49,0.073893,-2.09,-7.09,6.02E-7,2025-10-09T11:45:02.115444,70485
50,0.030941,-0.53,-1.19,2.52E-7,2025-10-09T11:45:02.115444,151101
51,0.235492,-0.61,-13.08,0.000002,2025-10-09T11:45:02.115444,151099
52,0.022213,-1.76,-3.92,1.81E-7,2025-10-09T11:45:02.115444,2741
53,0.216781,-0.66,-1.53,0.000002,2025-10-09T11:45:02.115444,34406
54,4.04,-0.47,-2.01,0.000033,2025-10-09T11:45:02.115444,33830
55,0.193225,-4.23,-4.39,0.000002,2025-10-09T11:45:02.115444,33819
56,0.281415,-0.28,-5.25,0.000002,2025-10-09T11:45:02.115444,100427
57,3.25,-3.23,-8.19,0.000027,2025-10-09T11:45:02.115444,135601
58,0.999800,0.03,0.03,0.000008,2025-10-09T11:45:02.115444,164809
59,0.022158,-4.11,-16.20,1.81E-7,2025-10-09T11:45:02.115444,84965
60,1252.40,-0.41,23.36,0.010205,2025-10-09T11:45:02.115444,46722
61,2.28,-0.25,-0.57,0.000019,2025-10-09T11:45:02.115444,32607
62,4044.77,0.13,4.76,0.032958,2025-10-09T11:45:02.115444,42855
63,7.56,0.30,-0.20,0.000062,2025-10-09T11:45:02.115444,148111
64,0.000019,-1.93,-5.63,1.58E-10,2025-10-09T11:45:02.115444,82537
65,1665.08,3.32,-4.96,0.013567,2025-10-09T11:45:02.115444,12377
66,15.82,-0.75,1.86,0.000129,2025-10-09T11:45:02.115444,2750
67,0.999241,-0.05,0.02,0.000008,2025-10-09T11:45:02.115444,111357
68,0.527950,-3.88,-10.56,0.000004,2025-10-09T11:45:02.115444,33718
69,1.46,-7.55,31.27,0.000012,2025-10-09T11:45:02.115444,136127
70,0.688545,-1.40,-1.57,0.000006,2025-10-09T11:45:02.115444,121593
71,3.81,-12.40,47.35,0.000031,2025-10-09T11:45:02.115444,45985
72,0.700889,-1.75,-0.39,0.000006,2025-10-09T11:45:02.115444,70497
73,101.74,0.21,-2.70,0.000829,2025-10-09T11:45:02.115444,33085
74,12.23,-1.62,-2.85,0.000100,2025-10-09T11:45:02.115444,46183
75,4056.93,0.19,4.83,0.033057,2025-10-09T11:45:02.115444,42227
76,0.410865,4.39,-0.01,0.000003,2025-10-09T11:45:02.115444,33644
77,0.997915,0.00,0.01,0.000008,2025-10-09T11:45:02.115444,100423
78,1.44,-0.36,-0.82,0.000012,2025-10-09T11:45:02.115444,136105
79,0.595815,-0.99,-1.26,0.000005,2025-10-09T11:45:02.115444,48569
80,1.15,-2.09,-3.39,0.000009,2025-10-09T11:45:02.115444,46981
81,0.269865,-8.07,-3.97,0.000002,2025-10-09T11:45:02.115444,148191
82,0.720075,-2.64,-1.31,0.000006,2025-10-09T11:45:02.115444,48581
83,0.824300,-1.97,-1.85,0.000007,2025-10-09T11:45:02.115444,65895
84,1.07,-1.02,-1.19,0.000009,2025-10-09T11:45:02.115444,122319
85,0.156465,0.66,-0.45,0.000001,2025-10-09T11:45:02.115444,111347
86,0.000094,-4.23,11.47,7.68E-10,2025-10-09T11:45:02.115444,51947
87,0.072753,-1.05,-2.96,5.93E-7,2025-10-09T11:45:02.115444,32408
88,0.139662,-0.62,-9.81,0.000001,2025-10-09T11:45:02.115444,141199
89,0.080850,-1.53,-4.52,6.59E-7,2025-10-09T11:45:02.115444,48561
90,1.63,-5.65,13.62,0.000013,2025-10-09T11:45:02.115444,126771
91,1.27,-0.51,1.23,0.000010,2025-10-09T11:45:02.115444,32604
92,0.374390,0.01,-2.58,0.000003,2025-10-09T11:45:02.115444,33536
93,1.78,-3.11,-4.11,0.000014,2025-10-09T11:45:02.115444,121623
94,20.71,-0.46,-1.69,0.000169,2025-10-09T11:45:02.115444,56821
95,4.49,-5.02,-6.72,0.000037,2025-10-09T11:45:02.115444,48839
96,0.999905,0.01,0.02,0.000008,2025-10-09T11:45:02.115444,146447
97,0.179502,-2.65,0.99,0.000001,2025-10-09T11:45:02.115444,447
98,0.276121,-2.74,-5.14,0.000002,2025-10-09T11:45:02.115444,122275
99,2.70,-3.97,-5.31,0.000022,2025-10-09T11:45:02.115444,47371
100,0.140746,-0.28,-5.12,0.000001,2025-10-09T11:45:02.115444,121599
1,121596.60,-0.28,1.32,1.00,2025-10-10T06:25:06.680466,90
2,4367.45,-1.42,-2.47,0.035911,2025-10-10T06:25:06.680466,80
3,1275.00,-2.06,19.74,0.010484,2025-10-10T06:25:06.680466,2710
4,1.00,0.16,0.06,0.000008,2025-10-10T06:25:06.680466,518
5,2.82,-0.10,-7.31,0.000023,2025-10-10T06:25:06.680466,58
6,221.94,-2.29,-3.85,0.001825,2025-10-10T06:25:06.680466,48543
7,0.999480,-0.01,0.02,0.000008,2025-10-10T06:25:06.680466,33285
8,0.251677,1.25,-2.20,0.000002,2025-10-10T06:25:06.680466,2
9,4366.76,-1.43,-2.40,0.035906,2025-10-10T06:25:06.680466,46971
10,0.336199,-0.88,-1.96,0.000003,2025-10-10T06:25:06.680466,2713
11,0.819558,0.27,-5.41,0.000007,2025-10-10T06:25:06.680466,257
12,121671.23,-0.19,1.41,1.00,2025-10-10T06:25:06.680466,33422
13,4712.55,-1.39,-2.44,0.038749,2025-10-10T06:25:06.680466,96901
14,22.54,1.22,-1.38,0.000185,2025-10-10T06:25:06.680466,2751
15,44.03,-3.04,-12.05,0.000362,2025-10-10T06:25:06.680466,148109
16,4353.08,-1.75,-1.90,0.035793,2025-10-10T06:25:06.680466,32610
17,1.00,0.00,-0.03,0.000008,2025-10-10T06:25:06.680466,158405
18,3.47,0.17,-3.18,0.000029,2025-10-10T06:25:06.680466,93845
19,0.382377,0.38,-5.90,0.000003,2025-10-10T06:25:06.680466,89
20,28.53,0.40,-6.83,0.000235,2025-10-10T06:25:06.680466,44883
21,590.79,2.21,0.02,0.004858,2025-10-10T06:25:06.680466,2321
22,131.29,11.03,10.05,0.001080,2025-10-10T06:25:06.680466,1
23,0.214922,0.63,-5.80,0.000002,2025-10-10T06:25:06.680466,48555
24,2.36,-14.23,20.88,0.000019,2025-10-10T06:25:06.680466,121595
25,0.000012,-0.21,-4.30,9.95E-11,2025-10-10T06:25:06.680466,45088
26,2.72,-1.21,-4.01,0.000022,2025-10-10T06:25:06.680466,54683
27,4.14,1.24,-4.34,0.000034,2025-10-10T06:25:06.680466,45219
28,334.03,0.68,2.03,0.002747,2025-10-10T06:25:06.680466,28
29,1.20,-0.26,0.00,0.000010,2025-10-10T06:25:06.680466,127063
30,0.999632,0.00,0.01,0.000008,2025-10-10T06:25:06.680466,32417
31,8.24,4.56,-0.58,0.000068,2025-10-10T06:25:06.680466,47305
32,206.41,-4.26,7.86,0.001697,2025-10-10T06:25:06.680466,33531
33,276.82,-1.30,-4.48,0.002276,2025-10-10T06:25:06.680466,46018
34,247.09,42.94,90.50,0.002032,2025-10-10T06:25:06.680466,134
35,5.67,-1.21,7.70,0.000047,2025-10-10T06:25:06.680466,67117
36,0.000009,0.03,-7.75,7.69E-11,2025-10-10T06:25:06.680466,93841
37,0.559044,-1.90,-13.44,0.000005,2025-10-10T06:25:06.680466,126763
38,3.05,4.76,3.38,0.000025,2025-10-10T06:25:06.680466,48563
39,5.05,-0.29,-2.33,0.000042,2025-10-10T06:25:06.680466,111341
40,354.74,7.76,9.58,0.002917,2025-10-10T06:25:06.680466,121619
41,6.71,0.01,-0.05,0.000055,2025-10-10T06:25:06.680466,44863
42,273.21,-2.73,-4.15,0.002246,2025-10-10T06:25:06.680466,80447
43,20.17,5.11,1.37,0.000166,2025-10-10T06:25:06.680466,118
44,238.40,-2.38,-3.91,0.001960,2025-10-10T06:25:06.680466,144321
45,0.888088,-1.44,-7.36,0.000007,2025-10-10T06:25:06.680466,121611
46,8.86,-5.06,-3.80,0.000073,2025-10-10T06:25:06.680466,150883
47,1.25,2.19,-6.78,0.000010,2025-10-10T06:25:06.680466,99329
48,4.43,0.05,-2.77,0.000036,2025-10-10T06:25:06.680466,47311
49,0.427926,0.71,-5.53,0.000004,2025-10-10T06:25:06.680466,93847
50,0.074313,0.16,-8.19,6.11E-7,2025-10-10T06:25:06.680466,70485
51,0.223214,2.32,-0.95,0.000002,2025-10-10T06:25:06.680466,34406
52,0.022370,0.53,-5.41,1.84E-7,2025-10-10T06:25:06.680466,2741
53,0.030591,-2.49,-2.95,2.52E-7,2025-10-10T06:25:06.680466,151101
54,4.08,0.34,-4.75,0.000034,2025-10-10T06:25:06.680466,33830
55,0.229638,-3.40,-13.96,0.000002,2025-10-10T06:25:06.680466,151099
56,0.192024,-1.57,-11.82,0.000002,2025-10-10T06:25:06.680466,33819
57,0.287929,1.75,-3.36,0.000002,2025-10-10T06:25:06.680466,100427
58,3.28,-0.55,-10.36,0.000027,2025-10-10T06:25:06.680466,135601
59,0.999600,-0.03,-0.01,0.000008,2025-10-10T06:25:06.680466,164809
60,0.022342,-1.17,-14.01,1.84E-7,2025-10-10T06:25:06.680466,84965
61,2.38,3.57,-0.37,0.000020,2025-10-10T06:25:06.680466,32607
62,1254.07,-0.61,21.32,0.010312,2025-10-10T06:25:06.680466,46722
63,7.57,-2.47,-2.40,0.000062,2025-10-10T06:25:06.680466,148111
64,0.000019,-2.00,-6.46,1.59E-10,2025-10-10T06:25:06.680466,82537
65,3971.68,-1.84,3.13,0.032657,2025-10-10T06:25:06.680466,42855
66,1632.78,-3.05,-2.92,0.013425,2025-10-10T06:25:06.680466,12377
67,0.999582,0.04,0.06,0.000008,2025-10-10T06:25:06.680466,111357
68,1.49,1.51,19.83,0.000012,2025-10-10T06:25:06.680466,136127
69,15.56,-1.83,-0.46,0.000128,2025-10-10T06:25:06.680466,2750
70,0.695561,0.96,-2.91,0.000006,2025-10-10T06:25:06.680466,121593
71,0.498300,-8.21,-17.07,0.000004,2025-10-10T06:25:06.680466,33718
72,0.727041,2.13,-1.74,0.000006,2025-10-10T06:25:06.680466,70497
73,3.72,-8.01,33.34,0.000031,2025-10-10T06:25:06.680466,45985
74,100.84,-1.77,-6.26,0.000829,2025-10-10T06:25:06.680466,33085
75,12.26,-0.42,-4.05,0.000101,2025-10-10T06:25:06.680466,46183
76,3978.00,-2.04,3.12,0.032709,2025-10-10T06:25:06.680466,42227
77,0.410865,0.00,-0.01,0.000003,2025-10-10T06:25:06.680466,33644
78,1.46,-0.35,-2.94,0.000012,2025-10-10T06:25:06.680466,136105
79,0.997856,0.04,0.01,0.000008,2025-10-10T06:25:06.680466,100423
80,0.594007,-0.52,-4.16,0.000005,2025-10-10T06:25:06.680466,48569
81,1.19,0.86,-4.45,0.000010,2025-10-10T06:25:06.680466,46981
82,0.742681,3.07,-1.24,0.000006,2025-10-10T06:25:06.680466,48581
83,0.272089,-2.00,-3.03,0.000002,2025-10-10T06:25:06.680466,148191
84,0.828500,-0.75,-3.42,0.000007,2025-10-10T06:25:06.680466,65895
85,1.07,-0.61,-9.75,0.000009,2025-10-10T06:25:06.680466,122319
86,0.000095,-2.33,8.90,7.80E-10,2025-10-10T06:25:06.680466,51947
87,0.156834,-0.40,-2.44,0.000001,2025-10-10T06:25:06.680466,111347
88,0.072224,-1.13,-5.12,5.94E-7,2025-10-10T06:25:06.680466,32408
89,0.081829,0.29,-7.04,6.73E-7,2025-10-10T06:25:06.680466,48561
90,0.140148,-0.83,-9.84,0.000001,2025-10-10T06:25:06.680466,141199
91,1.62,-2.40,-5.62,0.000013,2025-10-10T06:25:06.680466,126771
92,1.27,-0.07,1.36,0.000010,2025-10-10T06:25:06.680466,32604
93,0.373729,-0.17,0.78,0.000003,2025-10-10T06:25:06.680466,33536
94,1.81,1.33,-5.98,0.000015,2025-10-10T06:25:06.680466,121623
95,21.23,1.54,-2.77,0.000175,2025-10-10T06:25:06.680466,56821
96,4.56,0.07,-8.72,0.000037,2025-10-10T06:25:06.680466,48839
97,0.182304,0.28,-0.49,0.000001,2025-10-10T06:25:06.680466,447
98,0.278868,0.16,-7.72,0.000002,2025-10-10T06:25:06.680466,122275
99,0.999824,-0.01,0.03,0.000008,2025-10-10T06:25:06.680466,146447
100,0.141869,-1.35,-6.15,0.000001,2025-10-10T06:25:06.680466,121599
